timestamp,open,high,low,close,adjusted_close,volume,dividend_amount,split_coefficient
2000-03-27,15.25,16.62,15.25,16.5,4.125,918900,0.0,1.0
2000-03-28,16.5,16.5,16.0,16.06,4.015,269400,0.0,1.0
2000-03-29,16.0,16.12,15.81,16.0,4.0,109300,0.0,1.0
2000-03-30,16.0,16.0,15.38,15.38,3.845,470900,0.0,1.0
2000-03-31,14.94,14.94,13.56,13.56,3.39,1982900,0.0,1.0
2000-04-03,14.0,14.81,13.75,13.75,3.4375,2871700,0.0,1.0
2000-04-04,14.13,14.31,12.38,14.0,3.5,3284200,0.0,1.0
2000-04-05,13.88,14.25,13.81,13.94,3.485,1587400,0.0,1.0
2000-04-06,14.0,14.38,13.88,14.31,3.5775,1795300,0.0,1.0
2000-04-07,14.38,15.25,14.38,14.44,3.61,3476200,0.0,1.0
2000-04-10,14.75,15.0,14.5,14.56,3.64,1320200,0.0,1.0
2000-04-11,14.31,14.63,14.25,14.31,3.5775,1647500,0.0,1.0
2000-04-12,14.19,14.56,14.13,14.31,3.5775,2136600,0.0,1.0
2000-04-13,14.31,14.63,14.31,14.45,3.6125,1718600,0.0,1.0
2000-04-14,14.44,14.5,14.13,14.44,3.61,656500,0.0,1.0
2000-04-17,14.31,14.44,14.06,14.25,3.5625,748000,0.0,1.0
2000-04-18,14.44,14.5,13.94,14.06,3.515,724000,0.0,1.0
2000-04-19,14.25,14.63,14.25,14.38,3.595,1165600,0.0,1.0
2000-04-20,14.31,14.75,14.25,14.63,3.6575,1139700,0.0,1.0
2000-04-24,14.38,14.63,14.13,14.25,3.5625,953800,0.0,1.0
2000-04-25,14.31,15.13,13.88,15.06,3.765,1158900,0.0,1.0
2000-04-26,15.13,16.5,15.0,15.31,3.8275,1330300,0.0,1.0
2000-04-27,15.06,15.06,14.56,14.81,3.7025,1021300,0.0,1.0
2000-04-28,14.75,15.0,14.5,15.0,3.75,884800,0.0,1.0
2000-05-01,15.0,15.0,14.44,14.75,3.6875,1077500,0.0,1.0
2000-05-02,14.63,14.75,14.44,14.56,3.64,671100,0.0,1.0
2000-05-03,14.19,14.56,14.06,14.25,3.5625,1041100,0.0,1.0
2000-05-04,14.38,14.75,14.25,14.75,3.6875,902600,0.0,1.0
2000-05-05,14.88,15.38,14.88,15.13,3.7825,427700,0.0,1.0
2000-05-08,15.38,15.63,15.19,15.25,3.8125,358900,0.0,1.0
2000-05-09,15.44,15.5,15.0,15.0,3.75,335900,0.0,1.0
2000-05-10,15.0,15.38,14.88,15.19,3.7975,193800,0.0,1.0
2000-05-11,15.19,15.5,14.75,14.94,3.735,571800,0.0,1.0
2000-05-12,14.94,15.69,14.94,15.69,3.9225,192100,0.0,1.0
2000-05-15,15.5,16.88,15.5,16.38,4.095,332100,0.0,1.0
2000-05-16,16.5,16.94,16.31,16.5,4.125,315900,0.0,1.0
2000-05-17,16.5,16.5,15.81,16.0,4.0,629300,0.0,1.0
2000-05-18,16.0,16.13,15.44,15.56,3.89,519700,0.0,1.0
2000-05-19,15.56,15.63,15.31,15.31,3.8275,157600,0.0,1.0
2000-05-22,15.44,15.69,15.31,15.56,3.89,157400,0.0,1.0
2000-05-23,15.5,16.0,15.5,15.63,3.9075,216800,0.0,1.0
2000-05-24,15.63,16.75,15.63,16.44,4.11,566400,0.0,1.0
2000-05-25,16.31,17.63,16.31,17.31,4.3275,753800,0.0,1.0
2000-05-26,17.44,18.13,17.31,18.0,4.5,573500,0.0,1.0
2000-05-30,18.0,19.81,18.0,19.75,4.9375,952200,0.0,1.0
2000-05-31,19.75,20.63,19.75,20.31,5.0775,815000,0.0,1.0
2000-06-01,20.06,20.25,19.38,19.88,4.97,359800,0.0,1.0
2000-06-02,19.88,20.13,18.56,19.19,4.7975,332000,0.0,1.0
2000-06-05,18.94,18.94,18.06,18.13,4.5325,503200,0.0,1.0
2000-06-06,18.25,18.25,16.81,17.13,4.2825,977200,0.0,1.0
2000-06-07,17.5,18.63,17.5,18.5,4.625,590600,0.0,1.0
2000-06-08,18.25,18.5,18.19,18.5,4.625,347400,0.0,1.0
2000-06-09,18.38,19.0,18.31,18.5,4.625,314800,0.0,1.0
2000-06-12,18.63,18.94,18.38,18.63,4.6575,207200,0.0,1.0
2000-06-13,18.5,18.56,18.19,18.38,4.595,229300,0.0,1.0
2000-06-14,18.63,18.63,18.19,18.44,4.61,377900,0.0,1.0
2000-06-15,18.44,18.63,18.31,18.31,4.5775,179800,0.0,1.0
2000-06-16,18.38,18.44,17.88,18.0,4.5,265500,0.0,1.0
2000-06-19,17.56,18.38,17.5,18.13,4.5325,350200,0.0,1.0
2000-06-20,18.0,18.06,17.63,17.81,4.4525,450000,0.0,1.0
2000-06-21,17.94,19.0,17.81,19.0,4.75,253400,0.0,1.0
2000-06-22,18.75,20.63,18.31,19.44,4.86,394000,0.0,1.0
2000-06-23,19.56,20.31,19.56,19.88,4.97,764600,0.0,1.0
2000-06-26,20.0,20.25,19.25,19.88,4.97,524100,0.0,1.0
2000-06-27,19.88,20.03,18.75,19.13,4.7825,575800,0.0,1.0
2000-06-28,18.75,20.5,18.13,20.44,5.11,491700,0.0,1.0
2000-06-29,20.56,21.0,20.25,20.25,5.0625,362600,0.0,1.0
2000-06-30,20.31,20.5,18.48,18.52,4.63,957700,0.0,1.0
2000-07-03,18.88,20.75,18.88,20.56,5.14,258800,0.0,1.0
2000-07-05,20.56,20.75,19.63,19.69,4.9225,166400,0.0,1.0
2000-07-06,19.81,20.44,19.81,20.25,5.0625,165000,0.0,1.0
2000-07-07,20.5,20.63,20.0,20.5,5.125,262100,0.0,1.0
2000-07-10,20.56,21.38,20.56,21.25,5.3125,430900,0.0,1.0
2000-07-11,21.44,22.31,21.38,22.0,5.5,580800,0.0,1.0
2000-07-12,22.25,23.25,21.81,22.13,5.5325,325600,0.0,1.0
2000-07-13,22.0,23.75,22.0,23.25,5.8125,574100,0.0,1.0
2000-07-14,23.5,23.56,22.69,22.94,5.735,370100,0.0,1.0
2000-07-17,23.19,23.25,22.56,22.81,5.7025,266600,0.0,1.0
2000-07-18,23.25,24.0,23.25,23.88,5.97,447300,0.0,1.0
2000-07-19,24.13,25.5,24.0,24.19,6.0475,475400,0.0,1.0
2000-07-20,24.38,24.5,23.75,24.06,6.015,183600,0.0,1.0
2000-07-21,23.94,25.0,23.63,24.88,6.22,382900,0.0,1.0
2000-07-24,24.94,24.94,24.5,24.75,6.1875,224000,0.0,1.0
2000-07-25,24.75,25.0,24.5,24.5,6.125,232800,0.0,1.0
2000-07-26,24.5,24.5,23.69,23.94,5.985,214800,0.0,1.0
2000-07-27,23.69,23.94,22.88,23.5,5.875,201200,0.0,1.0
2000-07-28,23.38,23.5,22.88,23.06,5.765,156500,0.0,1.0
2000-07-31,23.0,23.25,21.63,21.81,5.4525,275100,0.0,1.0
2000-08-01,21.75,22.69,21.75,22.63,5.6575,218300,0.0,1.0
2000-08-02,22.63,23.06,22.63,22.81,5.7025,425400,0.0,1.0
2000-08-03,22.5,23.19,21.38,23.13,5.7825,461700,0.0,1.0
2000-08-04,22.88,23.31,22.5,23.0,5.75,119500,0.0,1.0
2000-08-07,23.0,23.25,22.63,22.63,5.6575,72000,0.0,1.0
2000-08-08,22.69,22.75,22.0,22.5,5.625,56000,0.0,1.0
2000-08-09,22.38,22.5,21.75,22.13,5.5325,141400,0.0,1.0
2000-08-10,21.88,22.0,21.25,21.69,5.4225,163500,0.0,1.0
2000-08-11,21.88,22.69,21.88,22.44,5.61,125600,0.0,1.0
2000-08-14,22.31,22.69,22.31,22.56,5.64,92800,0.0,1.0
2000-08-15,22.56,22.88,22.31,22.81,5.7025,125500,0.0,1.0
2000-08-16,22.81,22.94,22.75,22.75,5.6875,165400,0.0,1.0
2000-08-17,22.75,22.94,22.63,22.75,5.6875,142300,0.0,1.0
2000-08-18,22.63,22.88,22.25,22.5,5.625,140500,0.0,1.0
2000-08-21,22.5,23.19,22.5,23.19,5.7975,172800,0.0,1.0
2000-08-22,23.0,23.06,22.56,22.88,5.72,81700,0.0,1.0
2000-08-23,22.88,22.94,22.56,22.88,5.72,55000,0.0,1.0
2000-08-24,22.75,22.88,22.44,22.75,5.6875,177100,0.0,1.0
2000-08-25,22.75,22.88,22.5,22.69,5.6725,68000,0.0,1.0
2000-08-28,22.63,23.13,22.56,22.94,5.735,136900,0.0,1.0
2000-08-29,22.88,23.94,22.81,23.94,5.985,135200,0.0,1.0
2000-08-30,23.81,24.75,23.69,24.38,6.095,185100,0.0,1.0
2000-08-31,25.75,26.38,25.75,26.25,6.5625,659400,0.0,1.0
2000-09-01,25.38,25.63,22.25,22.63,5.6575,1111800,0.0,1.0
2000-09-05,22.63,23.25,22.0,22.63,5.6575,570300,0.0,1.0
2000-09-06,22.81,22.88,21.69,22.44,5.61,322700,0.0,1.0
2000-09-07,22.5,22.63,22.25,22.63,5.6575,194900,0.0,1.0
2000-09-08,22.81,22.81,21.88,22.25,5.5625,135100,0.0,1.0
2000-09-11,22.38,22.38,22.13,22.31,5.5775,66100,0.0,1.0
2000-09-12,22.5,22.5,21.44,22.25,5.5625,94000,0.0,1.0
2000-09-13,22.25,22.25,20.63,21.0,5.25,338800,0.0,1.0
2000-09-14,21.25,21.5,20.88,21.38,5.345,146800,0.0,1.0
2000-09-15,20.75,21.06,20.63,20.88,5.22,222300,0.0,1.0
2000-09-18,20.88,20.88,19.38,19.75,4.9375,424500,0.0,1.0
2000-09-19,19.81,20.25,19.63,19.88,4.97,355500,0.0,1.0
2000-09-20,20.0,20.25,19.81,20.19,5.0475,83600,0.0,1.0
2000-09-21,20.0,20.38,19.75,19.88,4.97,413600,0.0,1.0
2000-09-22,19.63,20.25,19.38,20.25,5.0625,155900,0.0,1.0
2000-09-25,20.06,20.56,20.06,20.44,5.11,172400,0.0,1.0
2000-09-26,20.25,20.75,20.19,20.63,5.1575,299400,0.0,1.0
2000-09-27,20.44,21.19,20.44,20.5,5.125,411000,0.0,1.0
2000-09-28,20.44,21.25,20.44,21.0,5.25,400800,0.0,1.0
2000-09-29,21.0,22.13,20.63,21.81,5.4525,294100,0.0,1.0
2000-10-02,21.63,21.75,20.19,20.19,5.0475,202900,0.0,1.0
2000-10-03,20.31,20.88,19.94,20.13,5.0325,263100,0.0,1.0
2000-10-04,19.88,20.19,19.63,19.94,4.985,246000,0.0,1.0
2000-10-05,20.0,21.5,19.94,20.56,5.14,277700,0.0,1.0
2000-10-06,20.5,21.13,20.25,21.13,5.2825,272700,0.0,1.0
2000-10-09,21.0,21.13,20.25,20.69,5.1725,152000,0.0,1.0
2000-10-10,20.56,20.75,20.38,20.63,5.1575,152400,0.0,1.0
2000-10-11,20.5,20.94,20.44,20.81,5.2025,215600,0.0,1.0
2000-10-12,20.88,21.81,20.88,21.06,5.265,253900,0.0,1.0
2000-10-13,20.94,22.44,20.81,22.38,5.595,314100,0.0,1.0
2000-10-16,22.38,22.81,21.88,22.06,5.515,319000,0.0,1.0
2000-10-17,22.06,22.75,21.88,22.75,5.6875,201900,0.0,1.0
2000-10-18,22.25,22.94,22.0,22.94,5.735,185400,0.0,1.0
2000-10-19,22.88,23.44,22.69,23.44,5.86,134300,0.0,1.0
2000-10-20,23.44,23.44,22.88,23.25,5.8125,117900,0.0,1.0
2000-10-23,23.25,23.69,23.13,23.69,5.9225,172100,0.0,1.0
2000-10-24,23.56,24.5,23.19,24.19,6.0475,281900,0.0,1.0
2000-10-25,24.13,24.5,23.44,23.88,5.97,408500,0.0,1.0
2000-10-26,23.75,24.0,23.0,23.31,5.8275,129800,0.0,1.0
2000-10-27,23.31,23.5,23.0,23.0,5.75,65500,0.0,1.0
2000-10-30,23.0,23.0,22.31,22.94,5.735,247900,0.0,1.0
2000-10-31,15.25,16.0,13.38,13.44,3.36,4486100,0.0,1.0
2000-11-01,13.5,13.56,12.0,13.0,3.25,4768300,0.0,1.0
2000-11-02,13.19,14.25,13.06,14.19,3.5475,954900,0.0,1.0
2000-11-03,14.06,15.19,14.0,15.19,3.7975,543800,0.0,1.0
2000-11-06,15.31,15.31,14.75,15.0,3.75,613300,0.0,1.0
2000-11-07,15.0,15.69,14.5,15.25,3.8125,601100,0.0,1.0
2000-11-08,15.38,15.5,14.81,15.44,3.86,291300,0.0,1.0
2000-11-09,15.38,15.38,14.75,15.19,3.7975,193200,0.0,1.0
2000-11-10,15.19,15.19,14.44,14.69,3.6725,473400,0.0,1.0
2000-11-13,14.5,14.69,14.19,14.31,3.5775,224800,0.0,1.0
2000-11-14,14.38,14.5,13.88,13.94,3.485,194400,0.0,1.0
2000-11-15,14.06,14.5,13.81,14.19,3.5475,136700,0.0,1.0
2000-11-16,14.13,14.63,14.13,14.25,3.5625,401900,0.0,1.0
2000-11-17,14.44,14.44,13.56,14.19,3.5475,297500,0.0,1.0
2000-11-20,14.31,14.31,13.56,13.75,3.4375,132700,0.0,1.0
2000-11-21,13.75,15.13,13.69,14.94,3.735,480200,0.0,1.0
2000-11-22,14.81,15.63,14.69,15.63,3.9075,347900,0.0,1.0
2000-11-24,15.44,16.0,15.25,16.0,4.0,208900,0.0,1.0
2000-11-27,15.88,16.0,15.69,15.94,3.985,389000,0.0,1.0
2000-11-28,15.94,16.25,15.75,16.06,4.015,506200,0.0,1.0
2000-11-29,16.06,16.38,15.88,16.13,4.0325,184100,0.0,1.0
2000-11-30,16.13,16.25,15.44,16.06,4.015,366200,0.0,1.0
2000-12-01,16.0,16.44,16.0,16.44,4.11,159300,0.0,1.0
2000-12-04,16.31,16.31,15.88,15.88,3.97,247200,0.0,1.0
2000-12-05,15.88,16.5,15.88,16.31,4.0775,185900,0.0,1.0
2000-12-06,16.13,16.44,15.75,15.88,3.97,271100,0.0,1.0
2000-12-07,16.0,16.25,15.88,16.06,4.015,175500,0.0,1.0
2000-12-08,16.13,16.88,15.88,16.88,4.22,373800,0.0,1.0
2000-12-11,16.75,16.88,16.38,16.56,4.14,249400,0.0,1.0
2000-12-12,16.56,16.63,16.0,16.0,4.0,172600,0.0,1.0
2000-12-13,15.88,16.13,15.75,15.81,3.9525,186700,0.0,1.0
2000-12-14,16.0,16.0,15.0,15.06,3.765,214000,0.0,1.0
2000-12-15,14.88,15.81,14.75,15.81,3.9525,283000,0.0,1.0
2000-12-18,15.88,15.88,15.38,15.75,3.9375,196000,0.0,1.0
2000-12-19,15.56,17.0,15.5,16.81,4.2025,1027700,0.0,1.0
2000-12-20,16.63,16.69,16.44,16.5,4.125,193600,0.0,1.0
2000-12-21,16.5,16.75,16.38,16.56,4.14,148800,0.0,1.0
2000-12-22,16.63,16.81,16.5,16.75,4.1875,138100,0.0,1.0
2000-12-26,16.75,16.75,16.5,16.62,4.155,207500,0.0,1.0
2000-12-27,16.63,16.88,16.5,16.81,4.2025,327800,0.0,1.0
2000-12-28,16.75,17.69,16.75,17.38,4.345,459900,0.0,1.0
2000-12-29,17.44,18.13,17.31,17.75,4.4375,746100,0.0,1.0
2001-01-02,17.75,17.75,17.31,17.38,4.345,232000,0.0,1.0
2001-01-03,17.38,18.69,17.25,18.31,4.5775,308900,0.0,1.0
2001-01-04,18.19,18.44,17.88,18.25,4.5625,121600,0.0,1.0
2001-01-05,18.0,18.0,16.75,16.88,4.22,549000,0.0,1.0
2001-01-08,17.0,17.06,16.88,17.0,4.25,149900,0.0,1.0
2001-01-09,17.13,17.88,17.13,17.44,4.36,278100,0.0,1.0
2001-01-10,17.75,18.38,17.75,18.0,4.5,307000,0.0,1.0
2001-01-11,17.81,18.0,17.75,17.81,4.4525,72100,0.0,1.0
2001-01-12,17.63,18.0,17.56,17.94,4.485,197000,0.0,1.0
2001-01-16,17.94,18.0,17.44,18.0,4.5,539800,0.0,1.0
2001-01-17,18.0,18.25,17.75,17.94,4.485,428300,0.0,1.0
2001-01-18,17.81,18.38,17.81,18.25,4.5625,167100,0.0,1.0
2001-01-19,18.25,18.25,17.38,17.56,4.39,259100,0.0,1.0
2001-01-22,17.56,17.88,17.38,17.88,4.47,153100,0.0,1.0
2001-01-23,17.94,18.0,17.19,17.75,4.4375,246900,0.0,1.0
2001-01-24,17.75,18.0,17.56,18.0,4.5,251200,0.0,1.0
2001-01-25,17.88,18.38,17.75,17.88,4.47,66100,0.0,1.0
2001-01-26,17.94,18.0,17.38,17.38,4.345,100000,0.0,1.0
2001-01-29,17.37,18.28,17.2,18.27,4.5675,115600,0.0,1.0
2001-01-30,18.15,18.5,18.01,18.4,4.6,119300,0.0,1.0
2001-01-31,18.39,18.6,18.2,18.25,4.5625,235100,0.0,1.0
2001-02-01,18.15,18.6,18.13,18.45,4.6125,204000,0.0,1.0
2001-02-02,18.3,18.5,17.95,18.5,4.625,180800,0.0,1.0
2001-02-05,18.4,18.4,17.93,17.94,4.485,131800,0.0,1.0
2001-02-06,18.0,18.0,17.14,17.27,4.3175,139300,0.0,1.0
2001-02-07,18.0,19.2,18.0,18.5,4.625,445700,0.0,1.0
2001-02-08,18.6,19.25,18.6,18.94,4.735,101200,0.0,1.0
2001-02-09,19.25,19.7,19.17,19.45,4.8625,323200,0.0,1.0
2001-02-12,19.5,21.68,19.5,21.5,5.375,339900,0.0,1.0
2001-02-13,21.0,21.45,20.0,20.14,5.035,172500,0.0,1.0
2001-02-14,20.05,20.35,20.0,20.2,5.05,87000,0.0,1.0
2001-02-15,20.1,21.0,20.01,21.0,5.25,133500,0.0,1.0
2001-02-16,20.9,20.9,20.05,20.63,5.1575,120900,0.0,1.0
2001-02-20,20.63,21.0,20.5,20.76,5.19,97300,0.0,1.0
2001-02-21,20.66,20.87,20.52,20.8,5.2,77900,0.0,1.0
2001-02-22,20.6,21.4,20.44,21.28,5.32,179200,0.0,1.0
2001-02-23,21.26,21.26,20.0,20.6,5.15,111700,0.0,1.0
2001-02-26,20.6,21.0,20.47,21.0,5.25,117300,0.0,1.0
2001-02-27,20.95,22.75,20.53,21.75,5.4375,182500,0.0,1.0
2001-02-28,22.0,22.0,20.9,20.95,5.2375,111800,0.0,1.0
2001-03-01,21.1,21.45,21.0,21.23,5.3075,174300,0.0,1.0
2001-03-02,21.23,21.3,20.0,20.25,5.0625,185700,0.0,1.0
2001-03-05,20.3,20.4,19.85,19.98,4.995,119300,0.0,1.0
2001-03-06,19.98,20.23,19.95,19.98,4.995,364400,0.0,1.0
2001-03-07,19.75,19.84,18.9,19.1,4.775,437800,0.0,1.0
2001-03-08,19.2,19.68,19.2,19.35,4.8375,134600,0.0,1.0
2001-03-09,19.45,19.6,19.03,19.14,4.785,127800,0.0,1.0
2001-03-12,19.1,19.3,19.05,19.15,4.7875,120300,0.0,1.0
2001-03-13,19.15,19.85,19.02,19.85,4.9625,125700,0.0,1.0
2001-03-14,19.6,20.0,19.3,19.86,4.965,186400,0.0,1.0
2001-03-15,19.96,19.96,19.52,19.52,4.88,206800,0.0,1.0
2001-03-16,19.5,19.51,19.35,19.4,4.85,221300,0.0,1.0
2001-03-19,19.4,19.4,19.0,19.2,4.8,82000,0.0,1.0
2001-03-20,19.2,19.3,18.64,18.64,4.66,356800,0.0,1.0
2001-03-21,18.5,18.59,18.35,18.48,4.62,176500,0.0,1.0
2001-03-22,18.4,18.4,17.4,18.0,4.5,338900,0.0,1.0
2001-03-23,17.9,18.2,17.7,17.8,4.45,176600,0.0,1.0
2001-03-26,17.8,18.2,17.8,17.9,4.475,102700,0.0,1.0
2001-03-27,18.0,18.55,17.95,18.47,4.6175,391500,0.0,1.0
2001-03-28,18.43,18.43,17.86,17.94,4.485,243900,0.0,1.0
2001-03-29,18.05,19.95,18.0,19.51,4.8775,155600,0.0,1.0
2001-03-30,19.45,19.95,19.1,19.6,4.9,234800,0.0,1.0
2001-04-02,19.4,19.95,19.37,19.41,4.8525,164600,0.0,1.0
2001-04-03,19.3,19.32,18.4,18.4,4.6,219800,0.0,1.0
2001-04-04,18.6,18.85,18.37,18.85,4.7125,199500,0.0,1.0
2001-04-05,18.8,19.57,18.71,19.1,4.775,842100,0.0,1.0
2001-04-06,19.1,19.8,19.05,19.5,4.875,579000,0.0,1.0
2001-04-09,19.4,19.9,19.14,19.35,4.8375,200100,0.0,1.0
2001-04-10,19.1,19.55,18.9,19.13,4.7825,145700,0.0,1.0
2001-04-11,19.6,19.6,17.8,18.41,4.6025,191900,0.0,1.0
2001-04-12,18.25,18.52,18.13,18.48,4.62,157100,0.0,1.0
2001-04-16,18.6,18.83,18.23,18.65,4.6625,161600,0.0,1.0
2001-04-17,18.66,19.26,18.6,19.1,4.775,145700,0.0,1.0
2001-04-18,19.0,19.52,18.75,19.0,4.75,378500,0.0,1.0
2001-04-19,18.95,21.02,18.95,20.0,5.0,733000,0.0,1.0
2001-04-20,19.75,20.0,19.65,19.98,4.995,258100,0.0,1.0
2001-04-23,20.11,20.11,19.95,20.0,5.0,158300,0.0,1.0
2001-04-24,20.0,20.05,19.8,19.95,4.9875,184500,0.0,1.0
2001-04-25,20.0,20.0,19.65,19.76,4.94,147900,0.0,1.0
2001-04-26,19.95,20.2,19.63,19.64,4.91,150500,0.0,1.0
2001-04-27,20.0,22.1,20.0,22.1,5.525,416900,0.0,1.0
2001-04-30,22.05,23.2,21.4,21.65,5.4125,613000,0.0,1.0
2001-05-01,21.9,22.4,21.9,22.4,5.6,442100,0.0,1.0
2001-05-02,22.39,22.39,22.02,22.1,5.525,182500,0.0,1.0
2001-05-03,22.22,22.51,22.08,22.19,5.5475,170200,0.0,1.0
2001-05-04,22.19,23.05,22.05,23.05,5.7625,187400,0.0,1.0
2001-05-07,23.05,23.7,22.46,22.46,5.615,462000,0.0,1.0
2001-05-08,22.61,23.0,22.6,22.79,5.6975,266100,0.0,1.0
2001-05-09,22.79,22.79,22.36,22.51,5.6275,164900,0.0,1.0
2001-05-10,22.55,22.6,22.4,22.49,5.6225,525500,0.0,1.0
2001-05-11,22.49,22.75,22.06,22.3,5.575,528800,0.0,1.0
2001-05-14,22.4,23.1,22.4,22.97,5.7425,661900,0.0,1.0
2001-05-15,23.0,23.6,22.95,23.35,5.8375,157900,0.0,1.0
2001-05-16,23.25,23.76,23.21,23.76,5.94,447500,0.0,1.0
2001-05-17,23.7,24.0,23.6,24.0,6.0,305200,0.0,1.0
2001-05-18,23.75,23.95,23.5,23.82,5.955,87800,0.0,1.0
2001-05-21,23.83,24.4,23.6,24.0,6.0,348500,0.0,1.0
2001-05-22,24.0,24.11,23.05,23.05,5.7625,226100,0.0,1.0
2001-05-23,23.0,23.84,22.01,23.53,5.8825,167800,0.0,1.0
2001-05-24,23.43,23.65,22.85,23.0,5.75,126900,0.0,1.0
2001-05-25,23.2,23.2,22.15,22.58,5.645,220500,0.0,1.0
2001-05-29,22.58,22.7,22.1,22.38,5.595,261800,0.0,1.0
2001-05-30,22.4,23.3,22.0,22.0,5.5,171200,0.0,1.0
2001-05-31,22.25,23.35,22.25,23.17,5.7925,289500,0.0,1.0
2001-06-01,23.77,23.9,23.26,23.86,5.965,178900,0.0,1.0
2001-06-04,23.86,24.15,23.71,24.07,6.0175,216900,0.0,1.0
2001-06-05,24.32,25.0,24.32,24.65,6.1625,724000,0.0,1.0
2001-06-06,24.75,25.21,24.74,25.0,6.25,356900,0.0,1.0
2001-06-07,25.0,25.38,24.91,25.17,6.2925,558800,0.0,1.0
2001-06-08,25.0,25.16,24.8,25.05,6.2625,253700,0.0,1.0
2001-06-11,24.95,25.3,24.64,24.8,6.2,263100,0.0,1.0
2001-06-12,24.8,24.8,24.2,24.46,6.115,275900,0.0,1.0
2001-06-13,24.59,24.98,24.36,24.38,6.095,163700,0.0,1.0
2001-06-14,24.28,24.28,23.8,23.98,5.995,131600,0.0,1.0
2001-06-15,23.73,23.99,23.55,23.88,5.97,162800,0.0,1.0
2001-06-18,23.88,24.3,23.88,24.03,6.0075,158600,0.0,1.0
2001-06-19,24.0,24.16,24.0,24.12,6.03,135400,0.0,1.0
2001-06-20,24.13,24.95,24.13,24.54,6.135,157000,0.0,1.0
2001-06-21,24.54,24.88,24.42,24.66,6.165,77400,0.0,1.0
2001-06-22,24.91,24.97,24.25,24.7,6.175,232500,0.0,1.0
2001-06-25,24.45,24.87,24.4,24.69,6.1725,402600,0.0,1.0
2001-06-26,24.55,25.2,24.55,25.08,6.27,159900,0.0,1.0
2001-06-27,25.08,26.45,25.08,25.48,6.37,305900,0.0,1.0
2001-06-28,25.25,25.7,25.15,25.5,6.375,153700,0.0,1.0
2001-06-29,25.5,26.4,25.15,26.36,6.59,736000,0.0,1.0
2001-07-02,26.36,27.1,26.05,26.3,6.575,322900,0.0,1.0
2001-07-03,26.35,26.55,26.25,26.25,6.5625,56500,0.0,1.0
2001-07-05,26.25,27.25,26.0,26.14,6.535,172700,0.0,1.0
2001-07-06,26.14,26.14,25.48,25.48,6.37,61600,0.0,1.0
2001-07-09,25.73,26.45,25.5,26.43,6.6075,118600,0.0,1.0
2001-07-10,26.4,26.7,26.08,26.62,6.655,162100,0.0,1.0
2001-07-11,26.72,26.78,26.1,26.64,6.66,143100,0.0,1.0
2001-07-12,26.54,27.0,26.54,26.96,6.74,146600,0.0,1.0
2001-07-13,26.96,28.0,26.96,27.78,6.945,489600,0.0,1.0
2001-07-16,27.65,27.7,26.0,26.14,6.535,156200,0.0,1.0
2001-07-17,26.24,26.7,26.05,26.28,6.57,194900,0.0,1.0
2001-07-18,26.28,26.28,25.55,25.87,6.4675,162700,0.0,1.0
2001-07-19,25.87,25.89,23.94,24.05,6.0125,411800,0.0,1.0
2001-07-20,23.5,24.0,21.5,23.15,5.7875,870400,0.0,1.0
2001-07-23,23.15,23.2,22.8,23.04,5.76,609200,0.0,1.0
2001-07-24,23.07,24.0,23.05,23.88,5.97,280300,0.0,1.0
2001-07-25,23.8,23.81,23.4,23.45,5.8625,194100,0.0,1.0
2001-07-26,23.35,24.13,23.1,24.11,6.0275,320100,0.0,1.0
2001-07-27,24.75,25.6,23.75,25.0,6.25,493400,0.0,1.0
2001-07-30,25.0,25.72,24.7,24.85,6.2125,323500,0.0,1.0
2001-07-31,24.85,25.0,24.45,24.78,6.195,224100,0.0,1.0
2001-08-01,24.95,25.1,24.7,24.9,6.225,265400,0.0,1.0
2001-08-02,25.25,25.25,24.0,24.09,6.0225,194000,0.0,1.0
2001-08-03,24.1,24.35,23.5,23.95,5.9875,160500,0.0,1.0
2001-08-06,23.95,24.4,23.9,24.28,6.07,274300,0.0,1.0
2001-08-07,24.2,24.7,24.2,24.38,6.095,259700,0.0,1.0
2001-08-08,24.38,24.82,24.35,24.35,6.0875,315500,0.0,1.0
2001-08-09,24.15,24.25,23.71,23.98,5.995,119200,0.0,1.0
2001-08-10,23.95,24.28,23.7,23.85,5.9625,262800,0.0,1.0
2001-08-13,24.0,24.53,24.0,24.15,6.0375,162300,0.0,1.0
2001-08-14,24.25,25.06,24.23,25.06,6.265,127900,0.0,1.0
2001-08-15,25.06,25.8,25.06,25.23,6.3075,178000,0.0,1.0
2001-08-16,25.13,25.62,24.85,24.98,6.245,104000,0.0,1.0
2001-08-17,24.85,25.54,24.85,25.45,6.3625,113700,0.0,1.0
2001-08-20,25.45,25.45,25.45,25.45,6.3625,165000,0.0,1.0
2001-08-21,26.02,26.02,25.1,25.28,6.32,192800,0.0,1.0
2001-08-22,25.6,25.9,25.05,25.55,6.3875,99200,0.0,1.0
2001-08-23,25.7,26.2,25.25,25.99,6.4975,150700,0.0,1.0
2001-08-24,25.9,25.9,25.32,25.75,6.4375,118700,0.0,1.0
2001-08-27,25.75,26.05,25.25,25.65,6.4125,123600,0.0,1.0
2001-08-28,25.6,25.7,25.14,25.14,6.285,115100,0.0,1.0
2001-08-29,26.2,26.2,25.19,26.1,6.525,191700,0.0,1.0
2001-08-30,26.5,26.5,25.95,26.28,6.57,206100,0.0,1.0
2001-08-31,26.16,26.6,26.03,26.29,6.5725,139500,0.0,1.0
2001-09-04,26.25,26.36,25.9,26.0,6.5,219600,0.0,1.0
2001-09-05,26.0,26.1,25.95,26.02,6.505,256700,0.0,1.0
2001-09-06,26.01,26.1,25.85,26.0,6.5,238100,0.0,1.0
2001-09-07,26.01,26.1,25.45,26.06,6.515,160100,0.0,1.0
2001-09-10,25.86,26.2,25.55,25.65,6.4125,200900,0.0,1.0
2001-09-17,24.65,25.55,24.3,24.82,6.205,267800,0.0,1.0
2001-09-18,24.9,24.9,23.7,23.75,5.9375,212500,0.0,1.0
2001-09-19,24.0,24.0,23.0,23.26,5.815,234600,0.0,1.0
2001-09-20,23.01,23.01,21.65,22.03,5.5075,192700,0.0,1.0
2001-09-21,22.0,22.0,21.4,21.65,5.4125,287600,0.0,1.0
2001-09-24,21.85,21.85,20.4,21.0,5.25,373500,0.0,1.0
2001-09-25,21.0,21.0,21.0,21.0,5.25,222500,0.0,1.0
2001-09-26,22.2,22.2,21.3,22.05,5.5125,392700,0.0,1.0
2001-09-27,22.0,22.5,21.1,22.32,5.58,279300,0.0,1.0
2001-09-28,22.5,23.95,22.4,22.4,5.6,219900,0.0,1.0
2001-10-01,22.6,23.7,22.6,23.27,5.8175,248700,0.0,1.0
2001-10-02,24.0,24.0,23.35,23.86,5.965,266300,0.0,1.0
2001-10-03,24.25,24.25,23.07,23.25,5.8125,237900,0.0,1.0
2001-10-04,24.3,24.3,23.35,24.13,6.0325,151200,0.0,1.0
2001-10-05,24.59,24.59,23.37,24.25,6.0625,219000,0.0,1.0
2001-10-08,24.5,24.5,24.1,24.41,6.1025,240900,0.0,1.0
2001-10-09,24.35,24.35,23.8,24.15,6.0375,243500,0.0,1.0
2001-10-10,24.2,24.8,23.7,24.3,6.075,438900,0.0,1.0
2001-10-11,24.33,24.95,24.33,24.7,6.175,210900,0.0,1.0
2001-10-12,24.85,24.85,24.15,24.49,6.1225,251100,0.0,1.0
2001-10-15,24.49,24.5,23.97,24.09,6.0225,389800,0.0,1.0
2001-10-16,24.09,24.7,24.05,24.7,6.175,273400,0.0,1.0
2001-10-17,24.7,25.15,24.64,24.65,6.1625,255200,0.0,1.0
2001-10-18,24.6,25.11,24.32,25.08,6.27,247200,0.0,1.0
2001-10-19,25.1,26.4,25.07,26.26,6.565,236100,0.0,1.0
2001-10-22,26.26,26.5,25.8,26.02,6.505,151400,0.0,1.0
2001-10-23,25.9,26.65,25.9,26.35,6.5875,216500,0.0,1.0
2001-10-24,26.46,26.46,26.05,26.3,6.575,182200,0.0,1.0
2001-10-25,26.2,27.0,25.96,26.9,6.725,183800,0.0,1.0
2001-10-26,26.9,26.9,25.4,25.96,6.49,362900,0.0,1.0
2001-10-29,25.75,25.75,24.62,24.65,6.1625,289300,0.0,1.0
2001-10-30,25.15,25.15,24.56,25.1,6.275,329600,0.0,1.0
2001-10-31,25.2,25.79,25.1,25.4,6.35,245800,0.0,1.0
2001-11-01,25.41,25.95,25.41,25.95,6.4875,312100,0.0,1.0
2001-11-02,25.95,26.25,25.68,26.22,6.555,137500,0.0,1.0
2001-11-05,26.08,26.4,25.88,25.88,6.47,183800,0.0,1.0
2001-11-06,25.8,25.81,24.92,25.7,6.425,288500,0.0,1.0
2001-11-07,25.6,25.6,25.04,25.05,6.2625,230500,0.0,1.0
2001-11-08,25.05,25.25,25.0,25.05,6.2625,184600,0.0,1.0
2001-11-09,25.1,25.3,25.08,25.26,6.315,168000,0.0,1.0
2001-11-12,25.25,25.5,25.17,25.4,6.35,159700,0.0,1.0
2001-11-13,25.35,25.5,24.2,24.92,6.23,253900,0.0,1.0
2001-11-14,24.92,24.92,24.2,24.28,6.07,311000,0.0,1.0
2001-11-15,24.03,24.12,23.6,23.69,5.9225,240800,0.0,1.0
2001-11-16,23.7,23.72,23.26,23.41,5.8525,188500,0.0,1.0
2001-11-19,23.41,23.45,23.05,23.35,5.8375,235800,0.0,1.0
2001-11-20,23.45,24.47,23.45,24.4,6.1,372800,0.0,1.0
2001-11-21,25.17,25.17,24.4,25.0,6.25,148600,0.0,1.0
2001-11-23,25.2,25.2,24.85,25.2,6.3,77200,0.0,1.0
2001-11-26,25.2,25.84,25.2,25.7,6.425,135300,0.0,1.0
2001-11-27,25.72,25.72,24.71,24.9,6.225,178400,0.0,1.0
2001-11-28,25.08,25.08,24.85,24.94,6.235,104000,0.0,1.0
2001-11-29,24.9,25.73,24.9,25.73,6.4325,106600,0.0,1.0
2001-11-30,25.87,25.87,25.25,25.25,6.3125,216500,0.0,1.0
2001-12-03,25.4,25.4,23.9,24.47,6.1175,295900,0.0,1.0
2001-12-04,24.5,25.77,24.43,25.55,6.3875,154600,0.0,1.0
2001-12-05,25.5,25.95,24.9,25.42,6.355,267500,0.0,1.0
2001-12-06,25.89,25.89,25.3,25.62,6.405,151700,0.0,1.0
2001-12-07,26.16,26.16,25.6,25.83,6.4575,232400,0.0,1.0
2001-12-10,25.8,25.81,24.4,24.68,6.17,238500,0.0,1.0
2001-12-11,24.93,26.05,24.8,26.05,6.5125,310700,0.0,1.0
2001-12-12,26.05,26.51,25.85,26.48,6.62,242500,0.0,1.0
2001-12-13,26.38,27.0,26.38,26.9,6.725,341400,0.0,1.0
2001-12-14,26.95,27.15,26.25,26.69,6.6725,293800,0.0,1.0
2001-12-17,26.75,28.4,26.75,28.4,7.1,868000,0.0,1.0
2001-12-18,28.75,29.15,27.75,28.46,7.115,409800,0.0,1.0
2001-12-19,28.35,28.35,27.45,27.68,6.92,307800,0.0,1.0
2001-12-20,27.5,27.97,27.3,27.55,6.8875,248200,0.0,1.0
2001-12-21,27.35,27.7,26.9,27.44,6.86,616100,0.0,1.0
2001-12-24,27.69,28.7,27.5,28.62,7.155,124700,0.0,1.0
2001-12-26,28.7,29.1,28.2,28.55,7.1375,175000,0.0,1.0
2001-12-27,28.4,28.41,27.55,27.61,6.9025,193700,0.0,1.0
2001-12-28,27.75,29.1,27.75,28.76,7.19,258200,0.0,1.0
2001-12-31,28.76,28.76,27.55,27.63,6.9075,202500,0.0,1.0
2002-01-02,27.65,27.72,26.5,27.4,6.85,302800,0.0,1.0
2002-01-03,27.99,27.99,27.0,27.05,6.7625,219300,0.0,1.0
2002-01-04,27.45,27.45,27.0,27.35,6.8375,177300,0.0,1.0
2002-01-07,27.45,27.45,27.01,27.31,6.8275,150300,0.0,1.0
2002-01-08,27.32,27.49,26.9,27.3,6.825,174100,0.0,1.0
2002-01-09,27.25,27.83,26.99,27.0,6.75,307700,0.0,1.0
2002-01-10,26.95,27.1,26.61,26.8,6.7,259600,0.0,1.0
2002-01-11,26.8,26.81,25.8,25.84,6.46,377200,0.0,1.0
2002-01-14,25.75,26.05,25.1,26.05,6.5125,578600,0.0,1.0
2002-01-15,26.0,26.5,25.9,26.5,6.625,240100,0.0,1.0
2002-01-16,26.5,26.64,26.0,26.03,6.5075,213900,0.0,1.0
2002-01-17,26.04,26.5,25.91,26.03,6.5075,271300,0.0,1.0
2002-01-18,26.1,26.65,26.0,26.0,6.5,146700,0.0,1.0
2002-01-22,26.01,26.38,25.9,26.17,6.5425,92500,0.0,1.0
2002-01-23,26.75,26.75,26.0,26.75,6.6875,116500,0.0,1.0
2002-01-24,26.95,26.95,26.3,26.64,6.66,245600,0.0,1.0
2002-01-25,26.6,27.25,26.54,27.01,6.7525,373300,0.0,1.0
2002-01-28,27.38,27.38,26.78,27.37,6.8425,360100,0.0,1.0
2002-01-29,27.38,27.81,26.9,26.95,6.7375,209200,0.0,1.0
2002-01-30,26.94,27.37,26.7,27.35,6.8375,390800,0.0,1.0
2002-01-31,27.37,27.57,26.87,26.93,6.7325,299800,0.0,1.0
2002-02-01,27.65,27.65,27.05,27.54,6.885,151000,0.0,1.0
2002-02-04,27.5,27.55,25.0,25.65,6.4125,498700,0.0,1.0
2002-02-05,25.66,26.87,25.45,25.46,6.365,1009000,0.0,1.0
2002-02-06,26.5,28.47,26.3,28.0,7.0,657000,0.0,1.0
2002-02-07,27.8,28.6,27.8,28.39,7.0975,316200,0.0,1.0
2002-02-08,28.55,29.6,28.45,29.0,7.25,530400,0.0,1.0
2002-02-11,29.0,29.53,28.65,29.53,7.3825,546700,0.0,1.0
2002-02-12,29.4,29.4,27.8,28.0,7.0,301700,0.0,1.0
2002-02-13,28.0,28.55,27.94,28.3,7.075,295000,0.0,1.0
2002-02-14,28.3,28.76,28.18,28.4,7.1,150700,0.0,1.0
2002-02-15,28.35,28.35,27.6,27.65,6.9125,98400,0.0,1.0
2002-02-19,27.65,27.65,26.8,27.0,6.75,291300,0.0,1.0
2002-02-20,29.0,29.0,27.21,28.85,7.2125,577400,0.0,1.0
2002-02-21,28.65,29.56,27.4,27.4,6.85,377000,0.0,1.0
2002-02-22,27.35,29.35,27.0,28.98,7.245,249500,0.0,1.0
2002-02-25,28.83,28.95,27.3,27.55,6.8875,403900,0.0,1.0
2002-02-26,27.8,28.3,27.64,27.64,6.91,170700,0.0,1.0
2002-02-27,27.64,28.16,27.64,28.06,7.015,152800,0.0,1.0
2002-02-28,28.1,28.9,27.95,28.53,7.1325,272800,0.0,1.0
2002-03-01,28.5,28.51,27.29,27.75,6.9375,296500,0.0,1.0
2002-03-04,27.55,27.75,27.16,27.43,6.8575,253600,0.0,1.0
2002-03-05,27.53,27.75,27.15,27.71,6.9275,386800,0.0,1.0
2002-03-06,27.65,28.59,27.56,28.13,7.0325,162500,0.0,1.0
2002-03-07,28.15,28.25,27.73,27.85,6.9625,173500,0.0,1.0
2002-03-08,28.0,28.35,27.65,27.82,6.955,162900,0.0,1.0
2002-03-11,27.85,27.85,27.0,27.07,6.7675,222500,0.0,1.0
2002-03-12,28.3,28.3,26.9,28.1,7.025,251800,0.0,1.0
2002-03-13,28.0,28.0,27.0,27.7,6.925,310800,0.0,1.0
2002-03-14,28.05,28.05,27.4,27.74,6.935,157100,0.0,1.0
2002-03-15,27.49,28.1,27.49,27.74,6.935,244200,0.0,1.0
2002-03-18,27.7,28.05,27.69,27.9,6.975,150500,0.0,1.0
2002-03-19,27.9,28.34,27.3,28.0,7.0,265200,0.0,1.0
2002-03-20,28.0,28.0,27.52,27.59,6.8975,86300,0.0,1.0
2002-03-21,28.3,28.3,27.3,28.0,7.0,333900,0.0,1.0
2002-03-22,28.0,28.0,27.51,27.65,6.9125,164900,0.0,1.0
2002-03-25,27.4,27.45,27.0,27.2,6.8,226700,0.0,1.0
2002-03-26,27.3,28.15,27.3,28.12,7.03,263500,0.0,1.0
2002-03-27,28.67,28.67,26.7,27.22,6.805,444400,0.0,1.0
2002-03-28,27.3,28.07,27.3,27.95,6.9875,199600,0.0,1.0
2002-04-01,27.9,27.9,27.25,27.6,6.9,286100,0.0,1.0
2002-04-02,27.6,27.6,26.82,26.87,6.7175,270200,0.0,1.0
2002-04-03,26.87,27.2,26.05,26.94,6.735,336300,0.0,1.0
2002-04-04,26.69,27.4,26.65,27.22,6.805,272800,0.0,1.0
2002-04-05,27.15,27.2,26.6,26.7,6.675,280800,0.0,1.0
2002-04-08,26.6,26.97,26.4,26.62,6.655,293300,0.0,1.0
2002-04-09,26.72,27.85,26.72,27.41,6.8525,324100,0.0,1.0
2002-04-10,27.41,27.58,26.9,27.06,6.765,301400,0.0,1.0
2002-04-11,27.1,27.3,27.05,27.05,6.7625,299600,0.0,1.0
2002-04-12,27.25,27.87,27.2,27.87,6.9675,287200,0.0,1.0
2002-04-15,27.87,27.94,26.85,26.99,6.7475,209400,0.0,1.0
2002-04-16,27.0,28.05,27.0,27.99,6.9975,411900,0.0,1.0
2002-04-17,28.0,28.0,26.86,26.9,6.725,258000,0.0,1.0
2002-04-18,27.0,27.65,26.99,27.35,6.8375,260800,0.0,1.0
2002-04-19,27.35,27.35,26.8,26.8,6.7,190000,0.0,1.0
2002-04-22,26.9,27.3,26.82,27.05,6.7625,311000,0.0,1.0
2002-04-23,27.1,27.1,26.79,26.81,6.7025,190000,0.0,1.0
2002-04-24,26.3,26.58,23.91,24.4,6.1,1546100,0.0,1.0
2002-04-25,24.4,25.38,24.4,25.0,6.25,571900,0.0,1.0
2002-04-26,24.9,25.25,24.9,25.14,6.285,471900,0.0,1.0
2002-04-29,25.14,25.14,24.5,24.8,6.2,326900,0.0,1.0
2002-04-30,24.8,25.5,24.75,25.12,6.28,498700,0.0,1.0
2002-05-01,24.9,25.97,24.55,25.75,6.4375,302000,0.0,1.0
2002-05-02,25.6,26.25,25.25,26.2,6.55,692900,0.0,1.0
2002-05-03,26.16,26.44,26.0,26.31,6.5775,294100,0.0,1.0
2002-05-06,26.31,26.41,25.53,25.53,6.3825,411000,0.0,1.0
2002-05-07,25.54,26.19,25.35,26.01,6.5025,209500,0.0,1.0
2002-05-08,26.1,26.49,25.5,25.77,6.4425,305100,0.0,1.0
2002-05-09,25.75,25.77,25.11,25.12,6.28,248300,0.0,1.0
2002-05-10,25.05,25.15,24.55,24.78,6.195,386100,0.0,1.0
2002-05-13,24.9,24.96,24.37,24.49,6.1225,514900,0.0,1.0
2002-05-14,24.6,24.9,24.27,24.41,6.1025,499400,0.0,1.0
2002-05-15,24.5,25.7,24.35,25.48,6.37,489800,0.0,1.0
2002-05-16,25.7,25.8,24.2,24.33,6.0825,337900,0.0,1.0
2002-05-17,24.3,25.19,24.3,25.0,6.25,261600,0.0,1.0
2002-05-20,24.8,25.25,23.78,23.78,5.945,319100,0.0,1.0
2002-05-21,24.0,24.45,23.97,24.25,6.0625,210100,0.0,1.0
2002-05-22,24.25,24.55,23.61,23.75,5.9375,183900,0.0,1.0
2002-05-23,23.75,24.35,23.72,24.19,6.0475,325800,0.0,1.0
2002-05-24,24.1,24.4,23.8,23.8,5.95,298500,0.0,1.0
2002-05-28,23.8,24.34,23.1,24.26,6.065,605100,0.0,1.0
2002-05-29,24.26,24.35,23.51,23.59,5.8975,288200,0.0,1.0
2002-05-30,23.59,24.58,23.59,24.52,6.13,265300,0.0,1.0
2002-05-31,24.55,24.79,23.7,23.82,5.955,259600,0.0,1.0
2002-06-03,23.7,23.8,23.17,23.17,5.7925,378200,0.0,1.0
2002-06-04,23.0,23.49,23.0,23.25,5.8125,327000,0.0,1.0
2002-06-05,23.25,23.55,23.2,23.38,5.845,264200,0.0,1.0
2002-06-06,23.25,23.3,22.7,22.75,5.6875,360500,0.0,1.0
2002-06-07,22.75,22.75,22.25,22.5,5.625,247000,0.0,1.0
2002-06-10,22.75,24.25,22.5,23.8,5.95,715100,0.0,1.0
2002-06-11,24.05,24.2,22.85,22.85,5.7125,361100,0.0,1.0
2002-06-12,22.87,23.35,22.67,23.3,5.825,378200,0.0,1.0
2002-06-13,23.35,24.05,23.05,23.47,5.8675,522100,0.0,1.0
2002-06-14,23.4,24.15,23.1,24.14,6.035,312700,0.0,1.0
2002-06-17,24.25,25.34,24.25,24.53,6.1325,257500,0.0,1.0
2002-06-18,24.55,25.4,24.2,24.85,6.2125,528600,0.0,1.0
2002-06-19,24.83,24.93,23.9,23.95,5.9875,489300,0.0,1.0
2002-06-20,24.0,24.95,23.9,24.03,6.0075,295000,0.0,1.0
2002-06-21,23.9,24.26,23.8,24.0,6.0,396400,0.0,1.0
2002-06-24,24.0,24.2,22.39,23.14,5.785,386700,0.0,1.0
2002-06-25,23.15,23.79,22.8,23.18,5.795,452400,0.0,1.0
2002-06-26,23.05,23.1,22.18,22.77,5.6925,516700,0.0,1.0
2002-06-27,23.0,23.7,22.84,22.87,5.7175,1006100,0.0,1.0
2002-06-28,22.9,23.3,22.71,23.2,5.8,1582100,0.0,1.0
2002-07-01,23.15,23.16,21.62,21.8,5.45,580100,0.0,1.0
2002-07-02,22.0,22.2,20.5,20.85,5.2125,928000,0.0,1.0
2002-07-03,21.0,22.12,20.85,21.95,5.4875,518300,0.0,1.0
2002-07-05,22.05,22.25,21.54,21.8,5.45,107200,0.0,1.0
2002-07-08,21.8,21.81,21.3,21.56,5.39,282300,0.0,1.0
2002-07-09,21.76,22.15,21.34,21.35,5.3375,346400,0.0,1.0
2002-07-10,21.35,21.45,19.67,20.02,5.005,493300,0.0,1.0
2002-07-11,20.02,20.02,19.31,19.64,4.91,818400,0.0,1.0
2002-07-12,19.7,21.05,19.7,20.77,5.1925,414200,0.0,1.0
2002-07-15,20.97,21.19,19.65,20.15,5.0375,546800,0.0,1.0
2002-07-16,20.16,21.44,19.85,21.02,5.255,497900,0.0,1.0
2002-07-17,21.2,21.75,21.15,21.7,5.425,495700,0.0,1.0
2002-07-18,21.7,21.83,20.68,21.0,5.25,398500,0.0,1.0
2002-07-19,20.75,20.75,19.93,20.25,5.0625,575700,0.0,1.0
2002-07-22,20.25,20.3,19.25,19.79,4.9475,251200,0.0,1.0
2002-07-23,19.58,19.63,18.4,18.57,4.6425,370400,0.0,1.0
2002-07-24,18.95,21.9,18.95,21.9,5.475,1506900,0.0,1.0
2002-07-25,23.0,24.08,22.29,23.57,5.8925,1187600,0.0,1.0
2002-07-26,23.6,24.4,22.85,23.52,5.88,634400,0.0,1.0
2002-07-29,23.57,24.22,23.52,23.9,5.975,455300,0.0,1.0
2002-07-30,23.75,24.98,23.14,24.05,6.0125,546000,0.0,1.0
2002-07-31,24.01,24.46,23.75,24.34,6.085,303500,0.0,1.0
2002-08-01,24.35,24.88,24.04,24.5,6.125,294600,0.0,1.0
2002-08-02,24.5,24.58,23.6,23.97,5.9925,213400,0.0,1.0
2002-08-05,24.07,24.4,23.0,23.0,5.75,438800,0.0,1.0
2002-08-06,23.2,24.13,23.2,24.02,6.005,421000,0.0,1.0
2002-08-07,24.03,24.5,23.36,24.41,6.1025,384500,0.0,1.0
2002-08-08,24.41,25.48,24.41,25.07,6.2675,460700,0.0,1.0
2002-08-09,25.07,25.63,24.7,25.33,6.3325,536200,0.0,1.0
2002-08-12,25.3,25.5,24.8,24.8,6.2,207600,0.0,1.0
2002-08-13,24.9,25.1,24.45,24.5,6.125,362800,0.0,1.0
2002-08-14,24.55,25.35,24.15,25.3,6.325,301600,0.0,1.0
2002-08-15,25.36,25.5,24.67,24.99,6.2475,413100,0.0,1.0
2002-08-16,24.98,25.17,24.6,25.05,6.2625,210700,0.0,1.0
2002-08-19,25.15,25.7,24.62,25.25,6.3125,378400,0.0,1.0
2002-08-20,25.15,25.46,24.75,25.35,6.3375,286600,0.0,1.0
2002-08-21,25.35,25.74,25.1,25.46,6.365,312700,0.0,1.0
2002-08-22,25.46,25.46,24.93,25.28,6.32,651600,0.0,1.0
2002-08-23,25.28,25.35,25.01,25.11,6.2775,209300,0.0,1.0
2002-08-26,25.11,25.11,24.71,25.05,6.2625,203400,0.0,1.0
2002-08-27,25.07,25.1,24.75,24.86,6.215,339400,0.0,1.0
2002-08-28,24.84,24.84,24.35,24.78,6.195,223900,0.0,1.0
2002-08-29,24.75,25.03,24.5,24.94,6.235,101600,0.0,1.0
2002-08-30,24.84,25.05,24.61,24.62,6.155,98600,0.0,1.0
2002-09-03,24.55,24.55,23.83,23.93,5.9825,259200,0.0,1.0
2002-09-04,23.9,24.3,23.76,24.3,6.075,252000,0.0,1.0
2002-09-05,24.25,24.4,23.65,24.1,6.025,204300,0.0,1.0
2002-09-06,24.15,24.5,24.15,24.45,6.1125,104900,0.0,1.0
2002-09-09,24.43,24.86,24.37,24.83,6.2075,336900,0.0,1.0
2002-09-10,24.75,25.1,24.5,24.8,6.2,353000,0.0,1.0
2002-09-11,25.0,25.1,24.85,24.9,6.225,243800,0.0,1.0
2002-09-12,24.9,24.9,24.59,24.76,6.19,124600,0.0,1.0
2002-09-13,24.9,24.9,24.54,24.76,6.19,203200,0.0,1.0
2002-09-16,24.76,24.8,24.68,24.72,6.18,139200,0.0,1.0
2002-09-17,24.75,24.91,24.32,24.37,6.0925,104500,0.0,1.0
2002-09-18,24.35,24.75,23.93,24.62,6.155,196300,0.0,1.0
2002-09-19,24.61,24.75,24.55,24.6,6.15,273000,0.0,1.0
2002-09-20,25.1,25.1,24.7,24.95,6.2375,586800,0.0,1.0
2002-09-23,24.95,25.0,24.7,24.82,6.205,275600,0.0,1.0
2002-09-24,24.83,24.85,24.59,24.73,6.1825,212300,0.0,1.0
2002-09-25,24.8,25.18,24.8,25.0,6.25,276200,0.0,1.0
2002-09-26,25.0,25.25,24.9,25.19,6.2975,249200,0.0,1.0
2002-09-27,25.15,25.75,25.1,25.21,6.3025,257900,0.0,1.0
2002-09-30,25.15,25.63,24.96,25.59,6.3975,314700,0.0,1.0
2002-10-01,25.5,25.75,25.25,25.5,6.375,365700,0.0,1.0
2002-10-02,25.5,25.72,25.3,25.3,6.325,377900,0.0,1.0
2002-10-03,25.25,25.93,25.25,25.6,6.4,576400,0.0,1.0
2002-10-04,25.6,25.85,25.17,25.85,6.4625,329000,0.0,1.0
2002-10-07,25.8,26.15,25.65,25.75,6.4375,301600,0.0,1.0
2002-10-08,25.85,25.95,25.48,25.7,6.425,414000,0.0,1.0
2002-10-09,25.7,25.7,24.94,25.0,6.25,196200,0.0,1.0
2002-10-10,24.95,24.98,24.6,24.75,6.1875,573800,0.0,1.0
2002-10-11,24.9,25.75,24.74,24.9,6.225,382800,0.0,1.0
2002-10-14,24.87,25.2,24.8,24.95,6.2375,302900,0.0,1.0
2002-10-15,25.05,25.31,24.32,24.69,6.1725,450200,0.0,1.0
2002-10-16,24.5,25.07,24.15,24.77,6.1925,463700,0.0,1.0
2002-10-17,25.02,25.43,24.6,24.79,6.1975,224500,0.0,1.0
2002-10-18,24.78,24.82,24.55,24.71,6.1775,257500,0.0,1.0
2002-10-21,24.65,24.7,24.1,24.36,6.09,342500,0.0,1.0
2002-10-22,24.36,24.55,23.81,23.89,5.9725,434100,0.0,1.0
2002-10-23,23.9,25.4,23.9,25.4,6.35,1068000,0.0,1.0
2002-10-24,25.6,26.38,25.51,26.02,6.505,524400,0.0,1.0
2002-10-25,25.93,26.4,25.84,26.05,6.5125,282700,0.0,1.0
2002-10-28,26.2,26.42,26.0,26.1,6.525,236700,0.0,1.0
2002-10-29,26.05,26.06,25.7,25.7,6.425,223300,0.0,1.0
2002-10-30,25.71,25.71,25.15,25.5,6.375,158300,0.0,1.0
2002-10-31,25.5,26.0,25.5,25.69,6.4225,128200,0.0,1.0
2002-11-01,25.5,25.98,25.5,25.65,6.4125,174400,0.0,1.0
2002-11-04,25.75,26.06,25.69,26.01,6.5025,248800,0.0,1.0
2002-11-05,25.99,25.99,25.58,25.95,6.4875,152400,0.0,1.0
2002-11-06,25.97,26.05,25.56,25.95,6.4875,343100,0.0,1.0
2002-11-07,25.9,25.99,25.64,25.66,6.415,353900,0.0,1.0
2002-11-08,25.66,25.85,25.1,25.28,6.32,323300,0.0,1.0
2002-11-11,25.18,25.38,24.86,25.32,6.33,265300,0.0,1.0
2002-11-12,25.32,25.99,25.32,25.64,6.41,262000,0.0,1.0
2002-11-13,25.6,26.47,25.6,26.45,6.6125,468500,0.0,1.0
2002-11-14,26.5,26.9,26.07,26.54,6.635,285700,0.0,1.0
2002-11-15,26.54,27.5,26.5,27.31,6.8275,491600,0.0,1.0
2002-11-18,27.3,27.38,27.01,27.07,6.7675,253500,0.0,1.0
2002-11-19,27.07,27.34,26.95,27.05,6.7625,290600,0.0,1.0
2002-11-20,27.1,27.34,26.71,27.13,6.7825,227400,0.0,1.0
2002-11-21,27.1,27.49,26.83,27.4,6.85,275200,0.0,1.0
2002-11-22,27.4,27.43,26.85,27.31,6.8275,176500,0.0,1.0
2002-11-25,27.4,27.4,26.63,27.0,6.75,362500,0.0,1.0
2002-11-26,26.95,27.15,26.75,26.84,6.71,390300,0.0,1.0
2002-11-27,26.86,27.0,25.85,26.36,6.59,202400,0.0,1.0
2002-11-29,26.37,26.5,26.13,26.32,6.58,122000,0.0,1.0
2002-12-02,26.2,26.3,25.24,25.6,6.4,613100,0.0,1.0
2002-12-03,25.45,25.69,25.4,25.5,6.375,217000,0.0,1.0
2002-12-04,25.6,26.0,25.54,25.75,6.4375,239700,0.0,1.0
2002-12-05,25.77,26.01,25.57,25.9,6.475,119400,0.0,1.0
2002-12-06,25.8,26.13,25.8,26.05,6.5125,276800,0.0,1.0
2002-12-09,26.0,26.21,25.9,25.98,6.495,370700,0.0,1.0
2002-12-10,26.0,26.12,25.72,25.81,6.4525,224300,0.0,1.0
2002-12-11,25.82,26.24,25.81,26.22,6.555,445100,0.0,1.0
2002-12-12,26.25,26.25,25.85,26.05,6.5125,177500,0.0,1.0
2002-12-13,26.06,26.32,25.5,25.65,6.4125,279800,0.0,1.0
2002-12-16,25.65,26.18,25.5,26.18,6.545,237000,0.0,1.0
2002-12-17,26.15,26.15,25.75,25.76,6.44,277200,0.0,1.0
2002-12-18,25.7,26.0,25.35,25.93,6.4825,186900,0.0,1.0
2002-12-19,25.93,26.22,25.93,26.2,6.55,319700,0.0,1.0
2002-12-20,26.22,26.22,25.76,26.14,6.535,198000,0.0,1.0
2002-12-23,26.15,26.15,25.8,26.11,6.5275,156300,0.0,1.0
2002-12-24,26.15,26.35,25.95,26.25,6.5625,83100,0.0,1.0
2002-12-26,26.2,26.28,25.78,26.06,6.515,168600,0.0,1.0
2002-12-27,26.06,26.06,25.89,25.91,6.4775,112700,0.0,1.0
2002-12-30,25.95,25.95,24.89,25.42,6.355,231300,0.0,1.0
2002-12-31,25.5,25.69,25.14,25.47,6.3675,160200,0.0,1.0
2003-01-02,25.3,25.7,25.1,25.58,6.395,212800,0.0,1.0
2003-01-03,25.65,25.9,25.54,25.6,6.4,221400,0.0,1.0
2003-01-06,25.85,25.85,25.3,25.41,6.3525,278700,0.0,1.0
2003-01-07,25.3,25.44,24.8,25.19,6.2975,598200,0.0,1.0
2003-01-08,25.19,25.79,25.11,25.55,6.3875,500200,0.0,1.0
2003-01-09,25.6,25.77,25.21,25.37,6.3425,289500,0.0,1.0
2003-01-10,25.4,25.5,25.25,25.48,6.37,199300,0.0,1.0
2003-01-13,25.5,25.64,25.25,25.55,6.3875,251000,0.0,1.0
2003-01-14,25.55,25.59,25.28,25.56,6.39,306100,0.0,1.0
2003-01-15,25.57,26.0,25.52,26.0,6.5,286100,0.0,1.0
2003-01-16,26.0,26.47,26.0,26.01,6.5025,329600,0.0,1.0
2003-01-17,25.85,25.95,25.61,25.7,6.425,246100,0.0,1.0
2003-01-21,25.8,25.9,25.44,25.56,6.39,278500,0.0,1.0
2003-01-22,25.55,26.5,25.29,26.21,6.5525,691000,0.0,1.0
2003-01-23,26.21,26.61,26.15,26.27,6.5675,387700,0.0,1.0
2003-01-24,26.28,26.31,25.58,25.67,6.4175,140800,0.0,1.0
2003-01-27,25.67,25.67,24.68,24.91,6.2275,241300,0.0,1.0
2003-01-28,24.9,25.23,24.7,25.18,6.295,221800,0.0,1.0
2003-01-29,24.9,25.23,24.7,25.18,6.295,215000,0.0,1.0
2003-01-30,25.05,25.05,24.41,24.44,6.11,354800,0.0,1.0
2003-01-31,24.4,25.55,24.4,25.51,6.3775,374800,0.0,1.0
2003-02-03,25.65,25.69,24.43,24.53,6.1325,353200,0.0,1.0
2003-02-04,25.25,26.18,25.2,25.93,6.4825,1285900,0.0,1.0
2003-02-05,26.0,26.0,25.5,25.55,6.3875,289000,0.0,1.0
2003-02-06,25.56,25.85,25.4,25.49,6.3725,333200,0.0,1.0
2003-02-07,25.62,25.8,25.51,25.54,6.385,284900,0.0,1.0
2003-02-10,25.73,25.75,25.38,25.45,6.3625,355400,0.0,1.0
2003-02-11,25.45,25.71,25.3,25.71,6.4275,330200,0.0,1.0
2003-02-12,25.7,25.8,25.3,25.36,6.34,187100,0.0,1.0
2003-02-13,25.25,25.26,24.6,24.77,6.1925,243500,0.0,1.0
2003-02-14,24.77,25.25,24.5,25.18,6.295,360900,0.0,1.0
2003-02-18,25.25,25.75,25.23,25.75,6.4375,168000,0.0,1.0
2003-02-19,25.65,25.68,25.15,25.56,6.39,273100,0.0,1.0
2003-02-20,25.55,26.2,25.5,25.86,6.465,383300,0.0,1.0
2003-02-21,25.8,26.2,25.65,26.05,6.5125,283400,0.0,1.0
2003-02-24,26.05,26.05,25.47,25.54,6.385,238500,0.0,1.0
2003-02-25,25.44,26.05,25.31,26.05,6.5125,325100,0.0,1.0
2003-02-26,26.05,26.1,25.8,26.1,6.525,260700,0.0,1.0
2003-02-27,26.2,26.52,26.11,26.46,6.615,250000,0.0,1.0
2003-02-28,26.4,26.7,26.3,26.61,6.6525,323800,0.0,1.0
2003-03-03,26.66,26.97,26.5,26.52,6.63,180100,0.0,1.0
2003-03-04,26.5,26.8,26.5,26.52,6.63,229900,0.0,1.0
2003-03-05,26.49,26.65,26.37,26.57,6.6425,231300,0.0,1.0
2003-03-06,26.67,26.67,26.17,26.17,6.5425,256700,0.0,1.0
2003-03-07,25.97,26.51,25.95,26.45,6.6125,294400,0.0,1.0
2003-03-10,26.38,26.38,25.92,26.04,6.51,296700,0.0,1.0
2003-03-11,25.9,26.1,25.85,25.91,6.4775,166100,0.0,1.0
2003-03-12,25.76,25.81,25.33,25.49,6.3725,283700,0.0,1.0
2003-03-13,25.55,26.23,25.29,26.14,6.535,195800,0.0,1.0
2003-03-14,26.15,26.64,25.99,26.19,6.5475,211700,0.0,1.0
2003-03-17,26.1,26.73,26.06,26.7,6.675,242700,0.0,1.0
2003-03-18,26.6,26.6,26.08,26.19,6.5475,516600,0.0,1.0
2003-03-19,26.19,26.58,26.0,26.53,6.6325,359800,0.0,1.0
2003-03-20,26.4,26.69,26.01,26.69,6.6725,374600,0.0,1.0
2003-03-21,26.89,27.5,26.8,27.49,6.8725,397900,0.0,1.0
2003-03-24,27.4,27.45,26.45,26.85,6.7125,264600,0.0,1.0
2003-03-25,26.9,27.41,26.8,27.41,6.8525,276000,0.0,1.0
2003-03-26,27.35,27.35,26.9,27.02,6.755,319000,0.0,1.0
2003-03-27,26.95,27.01,26.78,26.95,6.7375,314400,0.0,1.0
2003-03-28,27.15,27.2,26.98,27.1,6.775,159400,0.0,1.0
2003-03-31,27.0,27.64,26.79,27.4,6.85,233700,0.0,1.0
2003-04-01,27.4,27.97,27.4,27.74,6.935,262900,0.0,1.0
2003-04-02,28.0,28.555,27.69,27.88,6.97,517200,0.0,1.0
2003-04-03,27.85,27.95,27.37,27.62,6.905,689500,0.0,1.0
2003-04-04,27.7,27.84,27.08,27.22,6.805,330000,0.0,1.0
2003-04-07,27.25,27.85,27.05,27.1,6.775,177500,0.0,1.0
2003-04-08,27.1,27.43,27.02,27.36,6.84,249500,0.0,1.0
2003-04-09,27.5,27.59,27.0,27.08,6.77,128900,0.0,1.0
2003-04-10,27.08,27.42,27.05,27.41,6.8525,236900,0.0,1.0
2003-04-11,27.6,27.67,27.07,27.32,6.83,215000,0.0,1.0
2003-04-14,27.4,27.85,27.4,27.79,6.9475,292100,0.0,1.0
2003-04-15,27.5,27.8,27.45,27.8,6.95,269500,0.0,1.0
2003-04-16,27.85,27.85,27.25,27.25,6.8125,187900,0.0,1.0
2003-04-17,27.25,27.49,27.25,27.29,6.8225,152100,0.0,1.0
2003-04-21,27.25,27.61,27.21,27.3,6.825,180800,0.0,1.0
2003-04-22,27.25,27.3,26.95,26.99,6.7475,230200,0.0,1.0
2003-04-23,27.1,29.0,27.1,28.85,7.2125,1746600,0.0,1.0
2003-04-24,28.85,28.93,28.65,28.85,7.2125,494600,0.0,1.0
2003-04-25,28.85,28.85,28.66,28.74,7.185,415600,0.0,1.0
2003-04-28,28.65,28.9,28.55,28.83,7.2075,435600,0.0,1.0
2003-04-29,28.75,28.875,28.66,28.7,7.175,244400,0.0,1.0
2003-04-30,28.75,28.89,28.65,28.87,7.2175,295800,0.0,1.0
2003-05-01,28.8,28.85,28.38,28.55,7.1375,438400,0.0,1.0
2003-05-02,28.55,28.85,28.52,28.73,7.1825,355700,0.0,1.0
2003-05-05,28.78,28.88,28.6,28.77,7.1925,673600,0.0,1.0
2003-05-06,28.78,29.55,28.78,29.19,7.2975,1350100,0.0,1.0
2003-05-07,29.2,29.99,29.19,29.67,7.4175,808700,0.0,1.0
2003-05-08,29.67,29.97,29.4,29.72,7.43,692800,0.0,1.0
2003-05-09,29.73,29.73,29.45,29.58,7.395,559200,0.0,1.0
2003-05-12,29.53,30.58,29.5,30.58,7.645,1297500,0.0,1.0
2003-05-13,30.5,30.66,30.24,30.43,7.6075,374500,0.0,1.0
2003-05-14,30.47,30.47,30.11,30.4,7.6,149400,0.0,1.0
2003-05-15,30.4,30.73,30.26,30.65,7.6625,639000,0.0,1.0
2003-05-16,30.7,30.75,30.57,30.71,7.6775,331100,0.0,1.0
2003-05-19,30.65,30.73,30.34,30.43,7.6075,334300,0.0,1.0
2003-05-20,30.2,30.21,29.95,30.18,7.545,532800,0.0,1.0
2003-05-21,30.15,30.56,29.9,30.55,7.6375,460000,0.0,1.0
2003-05-22,30.55,30.86,30.53,30.72,7.68,538900,0.0,1.0
2003-05-23,30.72,30.72,30.37,30.38,7.595,676100,0.0,1.0
2003-05-27,30.35,30.35,30.15,30.25,7.5625,753000,0.0,1.0
2003-05-28,30.25,30.25,29.2,29.24,7.31,1078300,0.0,1.0
2003-05-29,29.3,30.22,29.3,29.86,7.465,675900,0.0,1.0
2003-05-30,30.0,30.34,29.8,30.32,7.58,465200,0.0,1.0
2003-06-02,30.4,30.75,30.04,30.11,7.5275,420600,0.0,1.0
2003-06-03,29.9,30.4,29.9,30.01,7.5025,310900,0.0,1.0
2003-06-04,30.14,30.38,30.06,30.2,7.55,378200,0.0,1.0
2003-06-05,30.05,30.68,29.8,30.62,7.655,342800,0.0,1.0
2003-06-06,30.75,31.0,30.38,30.39,7.5975,340800,0.0,1.0
2003-06-09,30.36,30.36,29.9,29.92,7.48,260400,0.0,1.0
2003-06-10,30.02,30.38,29.97,30.38,7.595,174500,0.0,1.0
2003-06-11,30.35,31.17,30.35,31.1,7.775,347100,0.0,1.0
2003-06-12,31.1,31.76,30.97,31.73,7.9325,658900,0.0,1.0
2003-06-13,31.73,31.85,31.05,31.26,7.815,355300,0.0,1.0
2003-06-16,31.36,32.1,31.25,32.09,8.0225,443000,0.0,1.0
2003-06-17,32.09,32.1,31.51,32.1,8.025,408500,0.0,1.0
2003-06-18,32.09,32.53,32.03,32.45,8.1125,474300,0.0,1.0
2003-06-19,32.45,33.6,32.29,32.47,8.1175,707700,0.0,1.0
2003-06-20,32.82,32.83,31.6,31.77,7.9425,537600,0.0,1.0
2003-06-23,31.75,31.77,30.6,30.81,7.7025,388500,0.0,1.0
2003-06-24,30.82,31.3,30.66,31.13,7.7825,322100,0.0,1.0
2003-06-25,31.1,31.41,30.85,31.11,7.7775,323900,0.0,1.0
2003-06-26,31.15,31.5,31.0,31.37,7.8425,303600,0.0,1.0
2003-06-27,31.4,32.5,31.4,32.04,8.01,757200,0.0,1.0
2003-06-30,32.15,32.33,31.71,32.14,8.035,457100,0.0,1.0
2003-07-01,32.05,32.05,31.39,31.97,7.9925,376700,0.0,1.0
2003-07-02,31.95,32.52,31.85,32.52,8.13,406900,0.0,1.0
2003-07-03,32.45,32.5,32.08,32.08,8.02,166300,0.0,1.0
2003-07-07,32.09,32.29,31.98,32.13,8.0325,289500,0.0,1.0
2003-07-08,32.23,32.23,31.84,31.89,7.9725,366200,0.0,1.0
2003-07-09,31.89,32.57,31.63,32.36,8.09,408800,0.0,1.0
2003-07-10,32.31,32.46,31.91,32.06,8.015,394300,0.0,1.0
2003-07-11,32.08,32.49,31.95,32.45,8.1125,308900,0.0,1.0
2003-07-14,32.15,32.65,32.15,32.3,8.075,277300,0.0,1.0
2003-07-15,32.1,32.36,31.95,32.36,8.09,319500,0.0,1.0
2003-07-16,32.45,32.45,31.74,32.15,8.0375,242400,0.0,1.0
2003-07-17,32.1,32.14,31.86,31.9,7.975,284500,0.0,1.0
2003-07-18,31.85,32.14,31.64,32.14,8.035,266900,0.0,1.0
2003-07-21,32.15,32.15,31.1,31.38,7.845,370700,0.0,1.0
2003-07-22,31.38,32.29,31.35,31.99,7.9975,303100,0.0,1.0
2003-07-23,32.0,32.0,26.7,27.5,6.875,4208300,0.0,1.0
2003-07-24,27.5,27.6,27.0,27.17,6.7925,1497400,0.0,1.0
2003-07-25,27.35,27.4,27.08,27.25,6.8125,556500,0.0,1.0
2003-07-28,27.2,27.25,26.29,26.91,6.7275,952800,0.0,1.0
2003-07-29,26.85,27.66,26.75,27.36,6.84,731200,0.0,1.0
2003-07-30,27.37,27.76,27.19,27.61,6.9025,488400,0.0,1.0
2003-07-31,27.81,28.86,27.4225,28.24,7.06,840900,0.0,1.0
2003-08-01,28.05,28.6,27.2,27.36,6.84,682100,0.0,1.0
2003-08-04,27.11,27.15,26.5,26.99,6.7475,706500,0.0,1.0
2003-08-05,26.85,27.08,26.47,26.47,6.6175,588900,0.0,1.0
2003-08-06,26.27,26.29,25.77,26.16,6.54,1190000,0.0,1.0
2003-08-07,26.26,26.63,26.17,26.51,6.6275,942500,0.0,1.0
2003-08-08,26.55,27.05,26.54,26.9,6.725,494400,0.0,1.0
2003-08-11,26.85,27.42,26.85,27.37,6.8425,701600,0.0,1.0
2003-08-12,27.37,28.32,27.37,28.22,7.055,736800,0.0,1.0
2003-08-13,28.32,28.68,28.13,28.68,7.17,687400,0.0,1.0
2003-08-14,28.85,28.91,28.31,28.76,7.19,568100,0.0,1.0
2003-08-15,28.76,29.02,28.76,29.02,7.255,234800,0.0,1.0
2003-08-18,29.05,29.17,28.91,29.1,7.275,435500,0.0,1.0
2003-08-19,29.13,29.4,29.01,29.13,7.2825,388900,0.0,1.0
2003-08-20,28.93,29.04,28.85,28.9,7.225,297000,0.0,1.0
2003-08-21,29.05,29.12,28.83,28.87,7.2175,316200,0.0,1.0
2003-08-22,28.79,28.9,28.35,28.36,7.09,365500,0.0,1.0
2003-08-25,28.16,28.7,28.16,28.2,7.05,386300,0.0,1.0
2003-08-26,28.18,28.33,27.82,27.99,6.9975,505000,0.0,1.0
2003-08-27,27.95,28.02,27.68,27.83,6.9575,553200,0.0,1.0
2003-08-28,27.8,28.15,27.6,28.03,7.0075,302900,0.0,1.0
2003-08-29,28.03,28.75,28.03,28.44,7.11,369800,0.0,1.0
2003-09-02,28.45,28.5,28.2,28.45,7.1125,427800,0.0,1.0
2003-09-03,28.35,28.7,28.1,28.11,7.0275,634400,0.0,1.0
2003-09-04,28.1,28.93,28.1,28.69,7.1725,549800,0.0,1.0
2003-09-05,28.55,28.65,28.4,28.49,7.1225,351800,0.0,1.0
2003-09-08,28.49,28.58,28.31,28.39,7.0975,459500,0.0,1.0
2003-09-09,28.39,28.54,28.2,28.4,7.1,363100,0.0,1.0
2003-09-10,28.21,28.33,27.94,27.99,6.9975,262900,0.0,1.0
2003-09-11,28.02,28.35,28.0,28.2,7.05,497900,0.0,1.0
2003-09-12,28.2,28.2,27.7,27.74,6.935,563300,0.0,1.0
2003-09-15,27.73,27.84,27.48,27.53,6.8825,567800,0.0,1.0
2003-09-16,27.53,27.54,27.07,27.3,6.825,675000,0.0,1.0
2003-09-17,27.3,27.65,27.2,27.35,6.8375,642600,0.0,1.0
2003-09-18,27.35,27.63,27.35,27.49,6.8725,366100,0.0,1.0
2003-09-19,27.65,27.8,27.4,27.4,6.85,475800,0.0,1.0
2003-09-22,27.4,27.4,26.99,27.27,6.8175,395300,0.0,1.0
2003-09-23,27.27,27.97,27.2,27.58,6.895,559300,0.0,1.0
2003-09-24,27.63,27.63,26.98,27.05,6.7625,556100,0.0,1.0
2003-09-25,27.0,27.25,26.96,27.14,6.785,664100,0.0,1.0
2003-09-26,27.14,27.14,26.77,26.97,6.7425,523500,0.0,1.0
2003-09-29,26.97,27.28,26.97,27.14,6.785,391800,0.0,1.0
2003-09-30,27.1,27.29,26.71,27.08,6.77,442000,0.0,1.0
2003-10-01,27.1,27.8,27.05,27.6,6.9,405800,0.0,1.0
2003-10-02,27.6,28.05,27.5,27.89,6.9725,495900,0.0,1.0
2003-10-03,28.09,28.35,27.75,27.83,6.9575,454100,0.0,1.0
2003-10-06,27.98,28.15,27.82,27.93,6.9825,505500,0.0,1.0
2003-10-07,27.93,28.03,27.46,28.03,7.0075,576000,0.0,1.0
2003-10-08,29.8,29.9,29.03,29.44,7.36,1216300,0.0,1.0
2003-10-09,29.54,29.61,29.33,29.48,7.37,685100,0.0,1.0
2003-10-10,29.48,29.67,29.15,29.33,7.3325,404000,0.0,1.0
2003-10-13,29.39,29.82,28.95,29.09,7.2725,496200,0.0,1.0
2003-10-14,29.1,29.28,28.97,29.0,7.25,613600,0.0,1.0
2003-10-15,29.05,29.58,29.05,29.42,7.355,659700,0.0,1.0
2003-10-16,29.5,29.87,29.5,29.75,7.4375,544600,0.0,1.0
2003-10-17,29.85,29.85,29.17,29.45,7.3625,436400,0.0,1.0
2003-10-20,29.45,29.7,29.2,29.22,7.305,633600,0.0,1.0
2003-10-21,27.0,28.01,26.9,27.5,6.875,2899400,0.0,1.0
2003-10-22,27.39,27.7,27.33,27.62,6.905,537500,0.0,1.0
2003-10-23,27.62,27.82,27.48,27.74,6.935,522600,0.0,1.0
2003-10-24,27.7,28.67,27.65,28.59,7.1475,854800,0.0,1.0
2003-10-27,28.6,29.03,28.6,28.85,7.2125,602500,0.0,1.0
2003-10-28,28.9,29.2,28.89,28.98,7.245,653500,0.0,1.0
2003-10-29,29.0,29.42,28.85,29.35,7.3375,603500,0.0,1.0
2003-10-30,29.3,29.4,28.9,29.0,7.25,323600,0.0,1.0
2003-10-31,29.01,29.3,28.98,29.0,7.25,189900,0.0,1.0
2003-11-03,29.05,29.11,28.96,29.08,7.27,353000,0.0,1.0
2003-11-04,29.05,29.05,28.59,28.63,7.1575,316100,0.0,1.0
2003-11-05,28.7,28.76,28.34,28.74,7.185,370000,0.0,1.0
2003-11-06,28.89,29.04,28.5,29.04,7.26,328600,0.0,1.0
2003-11-07,29.0,29.01,28.6,28.64,7.16,360600,0.0,1.0
2003-11-10,28.65,28.75,28.29,28.35,7.0875,222600,0.0,1.0
2003-11-11,28.35,28.7,28.35,28.58,7.145,226600,0.0,1.0
2003-11-12,28.6,28.8,28.5,28.69,7.1725,250800,0.0,1.0
2003-11-13,28.7,29.21,28.64,29.21,7.3025,208500,0.0,1.0
2003-11-14,29.2,29.2,28.38,28.47,7.1175,349900,0.0,1.0
2003-11-17,28.48,28.63,28.25,28.55,7.1375,256100,0.0,1.0
2003-11-18,29.45,29.49,28.55,29.0,7.25,738600,0.0,1.0
2003-11-19,29.01,29.5,28.95,29.4,7.35,367000,0.0,1.0
2003-11-20,29.4,29.98,29.39,29.65,7.4125,429800,0.0,1.0
2003-11-21,29.8,29.87,29.58,29.71,7.4275,355300,0.0,1.0
2003-11-24,29.85,30.15,29.78,30.08,7.52,449400,0.0,1.0
2003-11-25,30.05,30.3,29.84,29.88,7.47,323600,0.0,1.0
2003-11-26,30.0,30.18,29.69,29.93,7.4825,125200,0.0,1.0
2003-11-28,30.0,30.33,29.91,30.12,7.53,56200,0.0,1.0
2003-12-01,30.3,31.56,30.3,31.07,7.7675,419400,0.0,1.0
2003-12-02,31.0,31.0,30.6,30.69,7.6725,185700,0.0,1.0
2003-12-03,30.79,30.96,30.51,30.61,7.6525,191700,0.0,1.0
2003-12-04,30.61,30.69,30.18,30.42,7.605,143800,0.0,1.0
2003-12-05,30.29,30.3,29.8,29.84,7.46,220900,0.0,1.0
2003-12-08,29.9,30.26,29.9,29.97,7.4925,271900,0.0,1.0
2003-12-09,30.12,30.3,29.33,29.37,7.3425,414900,0.0,1.0
2003-12-10,28.87,30.04,28.7,29.4,7.35,600800,0.0,1.0
2003-12-11,29.45,30.24,29.45,30.05,7.5125,421000,0.0,1.0
2003-12-12,30.05,30.05,29.7,29.99,7.4975,402100,0.0,1.0
2003-12-15,30.09,30.23,29.66,29.93,7.4825,1018900,0.0,1.0
2003-12-16,29.93,29.93,29.0,29.25,7.3125,435800,0.0,1.0
2003-12-17,29.27,29.54,29.24,29.48,7.37,331000,0.0,1.0
2003-12-18,29.48,29.92,29.33,29.82,7.455,612800,0.0,1.0
2003-12-19,29.82,29.83,29.64,29.64,7.41,372600,0.0,1.0
2003-12-22,29.5,29.65,29.37,29.42,7.355,335700,0.0,1.0
2003-12-23,29.42,29.75,29.4,29.6,7.4,276300,0.0,1.0
2003-12-24,29.59,29.88,29.43,29.68,7.42,176200,0.0,1.0
2003-12-26,29.8,30.0,29.7,29.89,7.4725,65900,0.0,1.0
2003-12-29,29.9,30.16,29.85,29.99,7.4975,229000,0.0,1.0
2003-12-30,30.0,30.51,29.82,30.35,7.5875,306500,0.0,1.0
2003-12-31,30.4,30.59,29.95,30.08,7.52,277400,0.0,1.0
2004-01-02,30.09,30.09,29.8,29.94,7.485,364000,0.0,1.0
2004-01-05,30.04,30.12,29.55,29.72,7.43,501300,0.0,1.0
2004-01-06,29.75,30.17,29.47,29.61,7.4025,460400,0.0,1.0
2004-01-07,29.86,30.07,29.68,30.06,7.515,408600,0.0,1.0
2004-01-08,30.16,30.19,29.82,30.12,7.53,173500,0.0,1.0
2004-01-09,30.25,30.25,29.97,30.08,7.52,264200,0.0,1.0
2004-01-12,30.05,30.28,29.96,30.15,7.5375,314500,0.0,1.0
2004-01-13,30.12,30.37,30.0,30.37,7.5925,573800,0.0,1.0
2004-01-14,30.5,31.88,30.44,31.67,7.9175,766000,0.0,1.0
2004-01-15,31.97,32.05,31.35,31.79,7.9475,993700,0.0,1.0
2004-01-16,32.09,33.13,32.09,33.07,8.2675,945700,0.0,1.0
2004-01-20,33.08,33.5,32.93,33.0,8.25,519700,0.0,1.0
2004-01-21,33.05,33.97,33.05,33.97,8.4925,495700,0.0,1.0
2004-01-22,34.0,34.1,33.56,33.73,8.4325,407900,0.0,1.0
2004-01-23,33.74,33.74,33.22,33.55,8.3875,310300,0.0,1.0
2004-01-26,33.55,33.7,33.21,33.67,8.4175,378200,0.0,1.0
2004-01-27,33.55,33.55,32.9,33.27,8.3175,529800,0.0,1.0
2004-01-28,33.47,34.07,33.29,33.71,8.4275,626800,0.0,1.0
2004-01-29,33.71,33.81,33.56,33.75,8.4375,483800,0.0,1.0
2004-01-30,33.75,34.83,33.6,34.83,8.7075,642700,0.0,1.0
2004-02-02,34.8,35.99,34.73,35.52,8.88,803100,0.0,1.0
2004-02-03,35.62,35.62,33.75,33.87,8.4675,985300,0.0,1.0
2004-02-04,33.88,33.9,33.2,33.57,8.3925,1162100,0.0,1.0
2004-02-05,33.58,33.61,32.85,33.0,8.25,1131600,0.0,1.0
2004-02-06,33.15,33.33,32.91,33.28,8.32,755600,0.0,1.0
2004-02-09,33.35,34.05,33.3,34.05,8.5125,613800,0.0,1.0
2004-02-10,34.17,34.17,33.8,34.15,8.5375,292100,0.0,1.0
2004-02-11,34.14,34.14,32.87,32.95,8.2375,1071300,0.0,1.0
2004-02-12,33.1,33.71,32.78,33.59,8.3975,607300,0.0,1.0
2004-02-13,33.75,33.83,33.25,33.28,8.32,373400,0.0,1.0
2004-02-17,33.28,33.28,32.91,33.21,8.3025,291600,0.0,1.0
2004-02-18,33.16,33.4,32.88,33.03,8.2575,475000,0.0,1.0
2004-02-19,33.28,33.45,32.9,32.93,8.2325,349500,0.0,1.0
2004-02-20,32.95,32.95,32.23,32.38,8.095,571300,0.0,1.0
2004-02-23,32.45,32.5,31.96,31.99,7.9975,296100,0.0,1.0
2004-02-24,31.95,31.96,31.54,31.77,7.9425,761100,0.0,1.0
2004-02-25,31.9,32.27,31.63,32.22,8.055,385800,0.0,1.0
2004-02-26,32.32,32.37,32.1,32.37,8.0925,276200,0.0,1.0
2004-02-27,32.35,32.35,31.59,32.2,8.05,505500,0.0,1.0
2004-03-01,32.2,33.0,32.1,32.8,8.2,882100,0.0,1.0
2004-03-02,32.8,32.82,32.3,32.8,8.2,843000,0.0,1.0
2004-03-03,32.9,32.9,32.55,32.8,8.2,293400,0.0,1.0
2004-03-04,32.8,32.85,32.37,32.71,8.1775,470900,0.0,1.0
2004-03-05,32.65,32.65,32.25,32.29,8.0725,704500,0.0,1.0
2004-03-08,32.29,32.33,31.88,31.9,7.975,619700,0.0,1.0
2004-03-09,31.9,31.9,31.14,31.4,7.85,854600,0.0,1.0
2004-03-10,31.42,31.48,31.1,31.1,7.775,563800,0.0,1.0
2004-03-11,31.11,31.11,30.4,30.4,7.6,922500,0.0,1.0
2004-03-12,30.45,30.76,30.38,30.58,7.645,816400,0.0,1.0
2004-03-15,30.58,30.91,30.47,30.7,7.675,926500,0.0,1.0
2004-03-16,30.75,30.97,30.65,30.85,7.7125,517500,0.0,1.0
2004-03-17,31.0,31.97,31.0,31.53,7.8825,709100,0.0,1.0
2004-03-18,31.7,31.7,31.0,31.16,7.79,403000,0.0,1.0
2004-03-19,31.01,31.16,30.75,30.76,7.69,254400,0.0,1.0
2004-03-22,30.86,30.86,30.25,30.36,7.59,317900,0.0,1.0
2004-03-23,30.4,30.65,30.24,30.54,7.635,495500,0.0,1.0
2004-03-24,30.44,30.45,30.07,30.07,7.5175,285100,0.0,1.0
2004-03-25,30.27,30.42,30.04,30.24,7.56,432700,0.0,1.0
2004-03-26,30.3,31.08,30.2,30.85,7.7125,333400,0.0,1.0
2004-03-29,30.85,31.48,30.85,31.0,7.75,485100,0.0,1.0
2004-03-30,30.99,31.46,30.88,31.45,7.8625,267900,0.0,1.0
2004-03-31,31.51,31.98,31.45,31.95,7.9875,495800,0.0,1.0
2004-04-01,31.9,32.0,31.77,31.88,7.97,406500,0.0,1.0
2004-04-02,32.0,32.4,31.97,32.15,8.0375,422300,0.0,1.0
2004-04-05,32.2,32.61,32.091,32.57,8.1425,365100,0.0,1.0
2004-04-06,32.57,33.12,32.51,33.09,8.2725,820300,0.0,1.0
2004-04-07,32.99,33.21,32.92,33.0,8.25,488500,0.0,1.0
2004-04-08,33.02,33.09,32.26,32.4,8.1,549300,0.0,1.0
2004-04-12,32.55,33.28,32.55,33.22,8.305,400200,0.0,1.0
2004-04-13,33.23,33.28,32.67,32.69,8.1725,256200,0.0,1.0
2004-04-14,32.6,33.46,32.6,33.42,8.355,502200,0.0,1.0
2004-04-15,33.4,33.82,33.15,33.38,8.345,342000,0.0,1.0
2004-04-16,33.33,33.8,33.21,33.63,8.4075,272200,0.0,1.0
2004-04-19,33.64,33.65,33.25,33.44,8.36,249100,0.0,1.0
2004-04-20,33.52,33.73,32.99,33.0,8.25,253500,0.0,1.0
2004-04-21,33.05,33.36,33.04,33.13,8.2825,596700,0.0,1.0
2004-04-22,33.22,33.31,33.05,33.31,8.3275,824300,0.0,1.0
2004-04-23,34.45,35.45,34.44,35.19,8.7975,1746300,0.0,1.0
2004-04-26,35.26,35.66,34.77,34.92,8.73,832000,0.0,1.0
2004-04-27,34.9,35.1,34.55,34.65,8.6625,252400,0.0,1.0
2004-04-28,34.6,34.72,33.87,34.06,8.515,524800,0.0,1.0
2004-04-29,34.16,35.12,34.16,35.1,8.775,581700,0.0,1.0
2004-04-30,35.23,35.23,34.41,34.46,8.615,260900,0.0,1.0
2004-05-03,34.52,34.76,34.3,34.6,8.65,293200,0.0,1.0
2004-05-04,34.6,34.96,33.96,34.65,8.6625,428300,0.0,1.0
2004-05-05,34.6,35.38,34.6,35.05,8.7625,543300,0.0,1.0
2004-05-06,35.05,35.37,34.54,35.24,8.81,400900,0.0,1.0
2004-05-07,35.2,35.3,34.69,34.8,8.7,388400,0.0,1.0
2004-05-10,34.65,34.65,33.75,33.81,8.4525,385400,0.0,1.0
2004-05-11,34.03,34.33,33.88,34.15,8.5375,331200,0.0,1.0
2004-05-12,34.0,34.48,33.46,34.34,8.585,475300,0.0,1.0
2004-05-13,34.36,35.0,34.35,34.85,8.7125,443700,0.0,1.0
2004-05-14,34.85,35.29,34.8,35.02,8.755,270200,0.0,1.0
2004-05-17,34.98,34.98,34.61,34.84,8.71,551900,0.0,1.0
2004-05-18,34.85,34.92,34.5,34.69,8.6725,349900,0.0,1.0
2004-05-19,34.85,35.4,34.83,35.32,8.83,414800,0.0,1.0
2004-05-20,35.32,35.78,35.24,35.37,8.8425,764100,0.0,1.0
2004-05-21,35.37,35.59,35.2,35.52,8.88,483900,0.0,1.0
2004-05-24,35.62,35.69,35.17,35.3,8.825,353900,0.0,1.0
2004-05-25,35.1,35.33,34.7,35.32,8.83,536000,0.0,1.0
2004-05-26,35.32,35.845,35.1,35.73,8.9325,232700,0.0,1.0
2004-05-27,35.74,36.38,35.72,36.38,9.095,448200,0.0,1.0
2004-05-28,36.38,36.39,35.99,36.25,9.0625,408100,0.0,1.0
2004-06-01,36.4,36.71,35.8,36.33,9.0825,459500,0.0,1.0
2004-06-02,36.48,36.77,36.26,36.58,9.145,448000,0.0,1.0
2004-06-03,36.5,36.5,36.01,36.04,9.01,259500,0.0,1.0
2004-06-04,36.1,36.15,35.8,35.99,8.9975,314100,0.0,1.0
2004-06-07,36.07,36.24,35.85,36.12,9.03,513100,0.0,1.0
2004-06-08,36.12,36.43,35.64,36.36,9.09,396200,0.0,1.0
2004-06-09,36.49,36.55,35.85,35.93,8.9825,455800,0.0,1.0
2004-06-10,36.0,36.2,35.93,36.0,9.0,271400,0.0,1.0
2004-06-14,35.9,36.07,35.83,35.87,8.9675,206100,0.0,1.0
2004-06-15,35.87,36.39,35.87,35.97,8.9925,284900,0.0,1.0
2004-06-16,36.0,36.17,35.4,35.54,8.885,407100,0.0,1.0
2004-06-17,35.5,35.9,35.37,35.7,8.925,306400,0.0,1.0
2004-06-18,35.55,35.94,35.47,35.69,8.9225,427100,0.0,1.0
2004-06-21,35.56,36.02,35.46,35.54,8.885,394000,0.0,1.0
2004-06-22,35.64,35.9,35.38,35.9,8.975,234000,0.0,1.0
2004-06-23,35.9,36.12,35.48,36.05,9.0125,165100,0.0,1.0
2004-06-24,35.7,35.9,34.1,35.0,8.75,2372300,0.0,1.0
2004-06-25,35.0,35.3,34.98,35.06,8.765,592000,0.0,1.0
2004-06-28,34.98,35.1,34.47,34.54,8.635,510400,0.0,1.0
2004-06-29,34.44,35.23,34.44,35.12,8.78,540900,0.0,1.0
2004-06-30,35.13,35.13,34.69,34.85,8.7125,669700,0.0,1.0
2004-07-01,34.93,34.95,34.11,34.17,8.5425,650100,0.0,1.0
2004-07-02,34.27,34.3,33.5,33.84,8.46,820900,0.0,1.0
2004-07-06,33.88,33.94,33.43,33.65,8.4125,609100,0.0,1.0
2004-07-07,33.73,34.26,33.73,33.98,8.495,472900,0.0,1.0
2004-07-08,33.99,33.99,33.39,33.52,8.38,461100,0.0,1.0
2004-07-09,33.62,33.7,32.76,33.11,8.2775,641300,0.0,1.0
2004-07-12,33.25,33.4,32.8,33.21,8.3025,567000,0.0,1.0
2004-07-13,33.07,33.3,32.88,33.01,8.2525,210500,0.0,1.0
2004-07-14,32.92,33.78,32.85,33.37,8.3425,339200,0.0,1.0
2004-07-15,33.28,33.87,33.19,33.67,8.4175,361500,0.0,1.0
2004-07-16,33.7,33.97,33.27,33.27,8.3175,360900,0.0,1.0
2004-07-19,33.44,33.88,33.43,33.66,8.415,439500,0.0,1.0
2004-07-20,33.76,33.91,33.5,33.62,8.405,474400,0.0,1.0
2004-07-21,33.72,34.28,33.59,33.6,8.4,335000,0.0,1.0
2004-07-22,33.6,33.94,33.18,33.65,8.4125,297700,0.0,1.0
2004-07-23,33.7,33.95,33.38,33.43,8.3575,516400,0.0,1.0
2004-07-26,33.42,33.44,32.57,32.77,8.1925,326200,0.0,1.0
2004-07-27,32.77,33.54,32.76,33.08,8.27,678700,0.0,1.0
2004-07-28,33.65,34.77,33.65,34.45,8.6125,1875300,0.0,1.0
2004-07-29,34.53,35.16,34.48,34.92,8.73,634500,0.0,1.0
2004-07-30,34.92,35.52,34.67,35.17,8.7925,390800,0.0,1.0
2004-08-02,35.22,35.68,35.13,35.53,8.8825,372800,0.0,1.0
2004-08-03,35.55,35.64,34.85,34.85,8.7125,350700,0.0,1.0
2004-08-04,34.85,34.9,34.36,34.73,8.6825,347600,0.0,1.0
2004-08-05,34.75,34.78,34.06,34.14,8.535,477600,0.0,1.0
2004-08-06,34.0,34.01,33.1,33.36,8.34,420700,0.0,1.0
2004-08-09,33.3,33.53,33.04,33.12,8.28,188300,0.0,1.0
2004-08-10,33.12,33.91,33.03,33.8,8.45,613400,0.0,1.0
2004-08-11,33.68,34.38,33.44,34.19,8.5475,255300,0.0,1.0
2004-08-12,34.17,34.17,33.54,33.82,8.455,210400,0.0,1.0
2004-08-13,33.9,33.95,33.53,33.63,8.4075,121200,0.0,1.0
2004-08-16,33.64,34.15,33.64,33.89,8.4725,392600,0.0,1.0
2004-08-17,33.95,34.04,33.67,33.8,8.45,226900,0.0,1.0
2004-08-18,33.8,34.19,33.68,34.04,8.51,216800,0.0,1.0
2004-08-19,34.0,34.15,33.9,34.0,8.5,214700,0.0,1.0
2004-08-20,34.0,34.62,33.95,34.56,8.64,228600,0.0,1.0
2004-08-23,34.5,34.74,34.47,34.57,8.6425,203300,0.0,1.0
2004-08-24,34.72,34.85,34.5,34.68,8.67,194700,0.0,1.0
2004-08-25,34.6,34.99,34.54,34.87,8.7175,146100,0.0,1.0
2004-08-26,34.88,34.96,34.65,34.84,8.71,126900,0.0,1.0
2004-08-27,34.92,35.39,34.8,35.3,8.825,216100,0.0,1.0
2004-08-30,35.35,35.35,34.95,34.96,8.74,153700,0.0,1.0
2004-08-31,35.1,35.6,35.1,35.31,8.8275,372500,0.0,1.0
2004-09-01,35.18,35.92,35.18,35.92,8.98,219400,0.0,1.0
2004-09-02,36.0,36.39,36.0,36.35,9.0875,221100,0.0,1.0
2004-09-03,36.25,36.48,36.02,36.39,9.0975,268400,0.0,1.0
2004-09-07,36.45,36.54,36.32,36.52,9.13,288800,0.0,1.0
2004-09-08,36.52,36.52,36.11,36.15,9.0375,549200,0.0,1.0
2004-09-09,36.15,36.16,35.205,35.34,8.835,502400,0.0,1.0
2004-09-10,35.43,35.77,35.2,35.51,8.8775,264800,0.0,1.0
2004-09-13,35.51,35.64,35.4,35.55,8.8875,245700,0.0,1.0
2004-09-14,35.6,35.95,35.35,35.73,8.9325,442800,0.0,1.0
2004-09-15,35.65,35.74,35.39,35.57,8.8925,348600,0.0,1.0
2004-09-16,35.65,35.85,35.65,35.72,8.93,180600,0.0,1.0
2004-09-17,35.79,36.32,35.79,36.25,9.0625,272700,0.0,1.0
2004-09-20,36.2,36.5,36.07,36.17,9.0425,229800,0.0,1.0
2004-09-21,36.17,36.26,35.94,36.09,9.0225,213400,0.0,1.0
2004-09-22,36.05,36.05,35.58,35.76,8.94,246800,0.0,1.0
2004-09-23,35.76,35.81,35.55,35.61,8.9025,366800,0.0,1.0
2004-09-24,35.5,36.35,35.5,35.88,8.97,200600,0.0,1.0
2004-09-27,35.7,35.71,35.21,35.3,8.825,259800,0.0,1.0
2004-09-28,35.25,35.26,33.62,34.1,8.525,1390100,0.0,1.0
2004-09-29,34.25,34.82,33.49,33.51,8.3775,1264100,0.0,1.0
2004-09-30,33.51,33.65,33.1,33.5,8.375,1281900,0.0,1.0
2004-10-01,33.58,33.85,33.52,33.57,8.3925,917100,0.0,1.0
2004-10-04,33.77,33.96,33.63,33.82,8.455,582500,0.0,1.0
2004-10-05,33.88,34.09,33.65,34.01,8.5025,801500,0.0,1.0
2004-10-06,34.09,34.27,33.9,34.09,8.5225,408800,0.0,1.0
2004-10-07,34.14,34.14,33.59,33.6,8.4,411600,0.0,1.0
2004-10-08,33.6,33.99,33.27,33.39,8.3475,468900,0.0,1.0
2004-10-11,33.39,33.49,33.25,33.39,8.3475,352500,0.0,1.0
2004-10-12,33.39,33.4,33.0,33.0,8.25,589300,0.0,1.0
2004-10-13,33.15,33.24,32.6,32.6,8.15,649200,0.0,1.0
2004-10-14,32.65,33.09,32.65,32.78,8.195,369200,0.0,1.0
2004-10-15,32.88,33.17,32.59,32.81,8.2025,382600,0.0,1.0
2004-10-18,32.8,33.71,32.74,33.49,8.3725,344200,0.0,1.0
2004-10-19,33.5,33.55,32.91,33.0,8.25,312000,0.0,1.0
2004-10-20,32.9,34.04,32.9,33.38,8.345,483500,0.0,1.0
2004-10-21,33.43,33.63,33.33,33.36,8.34,329000,0.0,1.0
2004-10-22,33.5,34.49,33.5,33.88,8.47,582600,0.0,1.0
2004-10-25,33.88,33.88,33.13,33.66,8.415,522100,0.0,1.0
2004-10-26,33.68,34.03,33.45,33.62,8.405,531900,0.0,1.0
2004-10-27,33.7,34.51,33.7,34.5,8.625,295800,0.0,1.0
2004-10-28,34.51,34.98,34.42,34.73,8.6825,236100,0.0,1.0
2004-10-29,34.67,34.97,33.81,34.18,8.545,471300,0.0,1.0
2004-11-01,34.25,34.35,33.89,34.18,8.545,235600,0.0,1.0
2004-11-02,34.25,34.61,34.04,34.16,8.54,279000,0.0,1.0
2004-11-03,34.25,34.98,34.25,34.71,8.6775,208000,0.0,1.0
2004-11-04,34.7,35.13,34.33,35.08,8.77,250500,0.0,1.0
2004-11-05,35.18,35.51,35.1,35.36,8.84,273100,0.0,1.0
2004-11-08,35.35,35.6,35.35,35.54,8.885,238300,0.0,1.0
2004-11-09,35.64,35.81,34.96,35.55,8.8875,323000,0.0,1.0
2004-11-10,35.5,35.96,35.4,35.77,8.9425,241800,0.0,1.0
2004-11-11,35.85,36.08,35.5,35.96,8.99,185000,0.0,1.0
2004-11-12,36.2,36.2,35.53,35.99,8.9975,151100,0.0,1.0
2004-11-15,35.99,36.14,35.81,35.91,8.9775,177100,0.0,1.0
2004-11-16,36.0,36.37,35.82,35.9,8.975,444400,0.0,1.0
2004-11-17,35.9,36.37,35.87,36.03,9.0075,217100,0.0,1.0
2004-11-18,36.02,36.02,35.48,35.98,8.995,259300,0.0,1.0
2004-11-19,36.05,36.1,35.26,35.52,8.88,238000,0.0,1.0
2004-11-22,35.56,36.03,35.46,36.02,9.005,207600,0.0,1.0
2004-11-23,36.02,36.77,35.95,36.7,9.175,429000,0.0,1.0
2004-11-24,36.85,37.3,36.85,37.2,9.3,262400,0.0,1.0
2004-11-26,37.0,37.26,37.0,37.13,9.2825,155500,0.0,1.0
2004-11-29,37.3,37.48,37.11,37.45,9.3625,253100,0.0,1.0
2004-11-30,37.45,37.62,37.19,37.61,9.4025,232500,0.0,1.0
2004-12-01,37.75,37.75,37.29,37.68,9.42,214100,0.0,1.0
2004-12-02,37.6,37.61,36.99,37.05,9.2625,617400,0.0,1.0
2004-12-03,35.97,39.55,35.97,39.47,9.8675,1573500,0.0,1.0
2004-12-06,39.47,39.47,38.42,38.53,9.6325,786900,0.0,1.0
2004-12-07,38.5,39.35,38.5,39.05,9.7625,535200,0.0,1.0
2004-12-08,39.0,40.6,38.97,40.52,10.13,898400,0.0,1.0
2004-12-09,40.5,42.24,40.2,41.72,10.43,1187700,0.0,1.0
2004-12-10,41.6,42.0,41.36,41.75,10.4375,423800,0.0,1.0
2004-12-13,41.63,41.7,40.81,41.2,10.3,491900,0.0,1.0
2004-12-14,41.05,42.05,40.52,41.93,10.4825,550500,0.0,1.0
2004-12-15,41.78,41.85,40.76,41.04,10.26,716100,0.0,1.0
2004-12-16,41.04,41.04,40.31,40.98,10.245,579000,0.0,1.0
2004-12-17,40.98,41.84,40.75,41.57,10.3925,418300,0.0,1.0
2004-12-20,41.57,41.75,40.94,41.11,10.2775,237700,0.0,1.0
2004-12-21,41.04,41.05,40.42,40.49,10.1225,417100,0.0,1.0
2004-12-22,40.5,40.95,40.45,40.88,10.22,295600,0.0,1.0
2004-12-23,40.93,41.81,40.93,41.73,10.4325,349300,0.0,1.0
2004-12-27,41.74,41.83,41.28,41.69,10.4225,232400,0.0,1.0
2004-12-28,41.7,42.3,41.52,42.26,10.565,295600,0.0,1.0
2004-12-29,42.26,42.26,41.7,41.85,10.4625,166700,0.0,1.0
2004-12-30,41.8,41.88,41.3906,41.81,10.4525,137600,0.0,1.0
2004-12-31,41.81,41.81,41.19,41.26,10.315,230900,0.0,1.0
2005-01-03,41.26,41.42,40.61,40.75,10.1875,403100,0.0,1.0
2005-01-04,40.65,40.67,39.76,39.88,9.97,650400,0.0,1.0
2005-01-05,39.7,39.8,39.35,39.47,9.8675,438500,0.0,1.0
2005-01-06,39.47,40.17,39.47,40.03,10.0075,444700,0.0,1.0
2005-01-07,40.0,40.19,39.68,40.05,10.0125,178300,0.0,1.0
2005-01-10,40.04,41.55,40.04,41.3,10.325,513300,0.0,1.0
2005-01-11,41.25,41.25,40.2,40.25,10.0625,378200,0.0,1.0
2005-01-12,40.32,40.72,39.79,40.1,10.025,567700,0.0,1.0
2005-01-13,40.05,40.44,39.99,40.32,10.08,763000,0.0,1.0
2005-01-14,40.22,41.18,40.16,41.18,10.295,326400,0.0,1.0
2005-01-18,41.0,41.91,40.85,41.89,10.4725,343900,0.0,1.0
2005-01-19,41.84,41.85,41.2,41.31,10.3275,223200,0.0,1.0
2005-01-20,41.2,41.45,40.64,40.89,10.2225,460900,0.0,1.0
2005-01-21,40.96,41.12,40.79,41.03,10.2575,328200,0.0,1.0
2005-01-24,41.03,41.96,41.0,41.34,10.335,634800,0.0,1.0
2005-01-25,41.34,41.75,40.87,40.89,10.2225,282000,0.0,1.0
2005-01-26,40.9,41.21,40.58,40.73,10.1825,382500,0.0,1.0
2005-01-27,40.53,41.35,40.5,41.13,10.2825,446700,0.0,1.0
2005-01-28,41.13,41.13,38.55,40.17,10.0425,2261900,0.0,1.0
2005-01-31,40.42,40.78,40.27,40.7,10.175,455000,0.0,1.0
2005-02-01,40.75,41.14,40.41,40.51,10.1275,519600,0.0,1.0
2005-02-02,40.51,40.76,39.85,40.25,10.0625,554300,0.0,1.0
2005-02-03,40.15,40.49,39.9,40.45,10.1125,392900,0.0,1.0
2005-02-04,40.45,40.7,40.36,40.6,10.15,639000,0.0,1.0
2005-02-07,40.6,41.07,40.51,40.63,10.1575,449100,0.0,1.0
2005-02-08,40.63,41.08,40.5,40.89,10.2225,462300,0.0,1.0
2005-02-09,40.89,41.36,40.8,41.1,10.275,804400,0.0,1.0
2005-02-10,41.2,41.7,41.2,41.4,10.35,465400,0.0,1.0
2005-02-11,41.55,42.65,41.53,42.57,10.6425,451000,0.0,1.0
2005-02-14,42.57,42.8,41.89,42.02,10.505,470100,0.0,1.0
2005-02-15,42.0,42.39,41.86,42.26,10.565,259300,0.0,1.0
2005-02-16,42.26,42.43,42.15,42.23,10.5575,278800,0.0,1.0
2005-02-17,42.3,42.46,41.96,42.0,10.5,269500,0.0,1.0
2005-02-18,42.03,42.03,41.8,41.86,10.465,259200,0.0,1.0
2005-02-22,41.76,41.8,41.25,41.25,10.3125,369200,0.0,1.0
2005-02-23,41.25,42.05,41.23,41.97,10.4925,308700,0.0,1.0
2005-02-24,41.86,42.5,41.79,42.45,10.6125,300900,0.0,1.0
2005-02-25,42.45,42.8,42.06,42.75,10.6875,414000,0.0,1.0
2005-02-28,42.65,43.02,42.42,43.01,10.7525,381900,0.0,1.0
2005-03-01,43.2,43.73,43.03,43.63,10.9075,408600,0.0,1.0
2005-03-02,43.75,44.23,43.41,44.08,11.02,427600,0.0,1.0
2005-03-03,44.02,44.02,43.41,43.77,10.9425,415100,0.0,1.0
2005-03-04,43.9,44.12,43.51,43.93,10.9825,194800,0.0,1.0
2005-03-07,43.85,43.85,43.38,43.55,10.8875,283200,0.0,1.0
2005-03-08,43.55,43.92,42.83,43.07,10.7675,349000,0.0,1.0
2005-03-09,43.0,43.51,42.99,43.47,10.8675,224100,0.0,1.0
2005-03-10,43.52,43.88,43.27,43.43,10.8575,239700,0.0,1.0
2005-03-11,43.49,43.62,43.3,43.42,10.855,314500,0.0,1.0
2005-03-14,43.45,44.35,43.44,44.28,11.07,370000,0.0,1.0
2005-03-15,44.45,44.64,43.49,43.68,10.92,238900,0.0,1.0
2005-03-16,43.68,43.68,42.83,42.95,10.7375,314700,0.0,1.0
2005-03-17,42.9,43.27,42.71,43.04,10.76,194000,0.0,1.0
2005-03-18,43.29,43.42,43.12,43.38,10.845,464200,0.0,1.0
2005-03-21,43.28,43.57,43.0,43.5,10.875,239400,0.0,1.0
2005-03-22,43.5,43.65,43.08,43.29,10.8225,326300,0.0,1.0
2005-03-23,43.2,43.28,43.01,43.11,10.7775,353300,0.0,1.0
2005-03-24,43.11,43.34,42.86,42.87,10.7175,391300,0.0,1.0
2005-03-28,42.85,43.0,42.59,42.88,10.72,264600,0.0,1.0
2005-03-29,42.73,43.36,42.6,43.01,10.7525,307600,0.0,1.0
2005-03-30,43.0,43.42,42.74,43.41,10.8525,569600,0.0,1.0
2005-03-31,43.41,43.45,43.17,43.22,10.805,340800,0.0,1.0
2005-04-01,43.1,43.5,43.1,43.23,10.8075,850200,0.0,1.0
2005-04-04,43.3,43.32,42.51,42.73,10.6825,327500,0.0,1.0
2005-04-05,42.75,43.06,42.75,42.94,10.735,324300,0.0,1.0
2005-04-06,42.97,43.28,42.82,42.9,10.725,357600,0.0,1.0
2005-04-07,42.78,42.8,42.49,42.68,10.67,464400,0.0,1.0
2005-04-08,42.59,42.59,42.25,42.49,10.6225,217400,0.0,1.0
2005-04-11,42.49,42.74,42.42,42.49,10.6225,204200,0.0,1.0
2005-04-12,42.5,42.57,42.01,42.24,10.56,375700,0.0,1.0
2005-04-13,42.34,42.88,42.29,42.52,10.63,310000,0.0,1.0
2005-04-14,42.5,42.65,41.8,41.99,10.4975,897700,0.0,1.0
2005-04-15,41.84,42.54,41.7,41.85,10.4625,434800,0.0,1.0
2005-04-18,41.75,42.24,41.62,42.07,10.5175,366900,0.0,1.0
2005-04-19,42.25,42.6,42.13,42.42,10.605,366200,0.0,1.0
2005-04-20,42.48,42.86,42.1,42.14,10.535,356300,0.0,1.0
2005-04-21,42.56,42.56,41.81,42.37,10.5925,878000,0.0,1.0
2005-04-22,42.39,42.76,41.81,42.62,10.655,964100,0.0,1.0
2005-04-25,42.65,43.93,42.63,43.78,10.945,920500,0.0,1.0
2005-04-26,43.8,44.32,43.33,43.61,10.9025,607600,0.0,1.0
2005-04-27,43.74,44.05,43.27,43.99,10.9975,301400,0.0,1.0
2005-04-28,43.98,44.2,43.75,44.11,11.0275,561200,0.0,1.0
2005-04-29,44.13,44.15,43.66,44.04,11.01,800600,0.0,1.0
2005-05-02,44.0,44.9,44.0,44.76,11.19,555000,0.0,1.0
2005-05-03,44.73,45.4,44.62,45.09,11.2725,578700,0.0,1.0
2005-05-04,45.13,45.48,44.95,45.33,11.3325,526000,0.0,1.0
2005-05-05,45.33,45.71,44.93,45.54,11.385,448000,0.0,1.0
2005-05-06,45.59,45.8,45.5,45.73,11.4325,265000,0.0,1.0
2005-05-09,45.72,46.2,45.4255,46.2,11.55,423100,0.0,1.0
2005-05-10,46.0,46.69,45.32,45.51,11.3775,860000,0.0,1.0
2005-05-11,45.51,45.95,45.41,45.9,11.475,153800,0.0,1.0
2005-05-12,45.74,45.85,45.25,45.36,11.34,336500,0.0,1.0
2005-05-13,45.3,45.39,44.55,45.06,11.265,158400,0.0,1.0
2005-05-16,45.06,45.48,45.0,45.41,11.3525,186700,0.0,1.0
2005-05-17,45.35,45.41,44.76,45.3,11.325,364400,0.0,1.0
2005-05-18,45.25,45.88,45.25,45.88,11.47,413200,0.0,1.0
2005-05-19,45.87,46.1,45.617,46.09,11.5225,152700,0.0,1.0
2005-05-20,46.1,46.1,45.73,45.97,11.4925,342600,0.0,1.0
2005-05-23,45.96,46.35,45.8,46.26,11.565,175900,0.0,1.0
2005-05-24,46.27,46.27,45.7325,46.13,11.5325,366500,0.0,1.0
2005-05-25,46.0,46.0,45.46,45.57,11.3925,523700,0.0,1.0
2005-05-26,45.72,45.83,45.55,45.78,11.445,259200,0.0,1.0
2005-05-27,45.72,46.38,45.5,46.29,11.5725,322100,0.0,1.0
2005-05-31,46.38,46.38,45.71,45.71,11.4275,311800,0.0,1.0
2005-06-01,45.4,46.23,45.4,46.0,11.5,327200,0.0,1.0
2005-06-02,46.0,46.7,45.79,46.58,11.645,426000,0.0,1.0
2005-06-03,46.59,46.89,46.26,46.76,11.69,508200,0.0,1.0
2005-06-06,46.76,46.76,45.93,46.16,11.54,583600,0.0,1.0
2005-06-07,46.27,46.8,46.27,46.61,11.6525,716100,0.0,1.0
2005-06-08,46.67,46.73,45.88,45.94,11.485,192400,0.0,1.0
2005-06-09,45.93,45.93,45.16,45.32,11.33,481700,0.0,1.0
2005-06-10,45.42,45.48,44.88,44.96,11.24,392500,0.0,1.0
2005-06-13,44.97,45.19,44.83,45.04,11.26,239600,0.0,1.0
2005-06-14,43.0,43.36,41.65,43.17,10.7925,2009400,0.0,1.0
2005-06-15,43.25,43.45,42.96,43.16,10.79,730900,0.0,1.0
2005-06-16,43.1,43.46,43.02,43.26,10.815,243100,0.0,1.0
2005-06-17,43.3,43.4,42.93,43.28,10.82,518800,0.0,1.0
2005-06-20,43.03,43.28,42.75,42.88,10.72,478300,0.0,1.0
2005-06-21,42.89,42.9,42.66,42.78,10.695,338800,0.0,1.0
2005-06-22,42.58,42.59,41.53,42.5,10.625,774600,0.0,1.0
2005-06-23,42.42,42.85,42.4,42.65,10.6625,437800,0.0,1.0
2005-06-24,42.9,43.09,42.09,42.31,10.5775,523500,0.0,1.0
2005-06-27,42.38,42.55,42.2,42.39,10.5975,268200,0.0,1.0
2005-06-28,42.49,42.87,42.49,42.82,10.705,392100,0.0,1.0
2005-06-29,42.92,42.92,42.5,42.8,10.7,586800,0.0,1.0
2005-06-30,42.9,43.33,42.764,43.02,10.755,396400,0.0,1.0
2005-07-01,43.02,43.2,42.62,43.0,10.75,317300,0.0,1.0
2005-07-05,42.97,43.57,42.88,43.0,10.75,285100,0.0,1.0
2005-07-06,42.95,42.95,42.23,42.23,10.5575,452600,0.0,1.0
2005-07-07,41.98,42.25,41.69,42.03,10.5075,362100,0.0,1.0
2005-07-08,41.98,42.29,41.74,42.19,10.5475,436200,0.0,1.0
2005-07-11,42.28,42.44,42.15,42.29,10.5725,254600,0.0,1.0
2005-07-12,42.26,42.4,41.973,42.31,10.5775,269100,0.0,1.0
2005-07-13,42.31,42.31,41.95,42.03,10.5075,170000,0.0,1.0
2005-07-14,42.08,42.37,41.45,41.5,10.375,365300,0.0,1.0
2005-07-15,41.31,41.48,40.69,40.9,10.225,785500,0.0,1.0
2005-07-18,40.66,41.15,40.62,40.92,10.23,463300,0.0,1.0
2005-07-19,41.07,41.14,40.2,40.65,10.1625,734500,0.0,1.0
2005-07-20,40.39,41.07,40.39,40.86,10.215,621300,0.0,1.0
2005-07-21,40.9,41.47,40.71,41.11,10.2775,434000,0.0,1.0
2005-07-22,43.25,45.48,43.25,44.46,11.115,3237700,0.0,1.0
2005-07-25,44.56,45.1,44.3,45.06,11.265,915500,0.0,1.0
2005-07-26,45.25,46.01,45.22,45.9,11.475,945300,0.0,1.0
2005-07-27,46.01,46.25,45.5,45.9,11.475,477400,0.0,1.0
2005-07-28,46.01,46.44,45.57,46.25,11.5625,468300,0.0,1.0
2005-07-29,46.2,46.35,45.76,45.87,11.4675,295700,0.0,1.0
2005-08-01,45.87,46.03,45.7,45.85,11.4625,416400,0.0,1.0
2005-08-02,45.75,45.89,45.41,45.58,11.395,446300,0.0,1.0
2005-08-03,45.6,45.74,45.25,45.4,11.35,284300,0.0,1.0
2005-08-04,45.2,45.42,44.9,45.0,11.25,292300,0.0,1.0
2005-08-05,44.86,44.89,44.5,44.54,11.135,368800,0.0,1.0
2005-08-08,44.49,44.65,43.88,43.9,10.975,487800,0.0,1.0
2005-08-09,43.95,44.0,43.73,44.0,11.0,379600,0.0,1.0
2005-08-10,44.12,44.21,43.58,43.7,10.925,344000,0.0,1.0
2005-08-11,43.75,44.5,43.75,44.17,11.0425,343800,0.0,1.0
2005-08-12,44.07,44.3,43.64,44.02,11.005,269100,0.0,1.0
2005-08-15,43.92,44.34,43.74,44.14,11.035,186000,0.0,1.0
2005-08-16,44.07,44.08,43.45,43.54,10.885,221800,0.0,1.0
2005-08-17,43.72,43.76,43.33,43.52,10.88,385000,0.0,1.0
2005-08-18,43.5,43.5,43.05,43.36,10.84,228700,0.0,1.0
2005-08-19,43.44,43.56,42.56,43.01,10.7525,302400,0.0,1.0
2005-08-22,43.1,43.2,42.46,43.12,10.78,276100,0.0,1.0
2005-08-23,43.12,43.3,42.4,42.92,10.73,308300,0.0,1.0
2005-08-24,42.93,43.32,42.832,43.01,10.7525,242500,0.0,1.0
2005-08-25,42.94,43.05,42.49,42.65,10.6625,261800,0.0,1.0
2005-08-26,42.8,43.27,42.67,43.12,10.78,349100,0.0,1.0
2005-08-29,43.13,43.63,42.99,43.61,10.9025,267300,0.0,1.0
2005-08-30,43.53,43.65,43.16,43.58,10.895,314900,0.0,1.0
2005-08-31,43.5,44.11,43.21,44.0,11.0,325600,0.0,1.0
2005-09-01,43.75,44.2,43.75,44.08,11.02,261400,0.0,1.0
2005-09-02,44.2,44.44,43.75,43.8,10.95,120300,0.0,1.0
2005-09-06,44.0,44.81,43.98,44.81,11.2025,272100,0.0,1.0
2005-09-07,44.9,45.1,44.59,44.64,11.16,222600,0.0,1.0
2005-09-08,44.64,44.75,43.74,43.91,10.9775,454900,0.0,1.0
2005-09-09,43.92,44.16,43.7,43.95,10.9875,273300,0.0,1.0
2005-09-12,44.0,44.15,43.74,43.94,10.985,184100,0.0,1.0
2005-09-13,43.94,44.24,43.67,43.91,10.9775,254000,0.0,1.0
2005-09-14,44.18,44.25,43.75,43.89,10.9725,189300,0.0,1.0
2005-09-15,44.0,44.22,43.49,43.7,10.925,276100,0.0,1.0
2005-09-16,43.73,44.1,43.6,43.98,10.995,246500,0.0,1.0
2005-09-19,43.91,44.17,43.61,44.13,11.0325,240900,0.0,1.0
2005-09-20,44.2,44.4,43.42,43.71,10.9275,220600,0.0,1.0
2005-09-21,43.6,43.6,43.0,43.19,10.7975,299300,0.0,1.0
2005-09-22,43.05,43.58,43.0,43.58,10.895,374000,0.0,1.0
2005-09-23,43.45,43.45,43.21,43.32,10.83,268000,0.0,1.0
2005-09-26,43.45,43.97,43.23,43.76,10.94,285300,0.0,1.0
2005-09-27,43.96,44.07,43.57,44.02,11.005,238000,0.0,1.0
2005-09-28,44.1,44.26,43.55,43.65,10.9125,223100,0.0,1.0
2005-09-29,43.7,44.02,43.36,44.01,11.0025,186600,0.0,1.0
2005-09-30,43.9,44.42,43.5,44.41,11.1025,272200,0.0,1.0
2005-10-03,44.04,44.51,43.9,44.19,11.0475,684400,0.0,1.0
2005-10-04,44.24,44.94,44.2,44.32,11.08,265000,0.0,1.0
2005-10-05,44.25,44.34,43.62,43.66,10.915,247300,0.0,1.0
2005-10-06,43.66,43.81,43.01,43.43,10.8575,390900,0.0,1.0
2005-10-07,43.45,43.629,42.67,43.05,10.7625,220800,0.0,1.0
2005-10-10,43.05,43.1,42.41,42.59,10.6475,203000,0.0,1.0
2005-10-11,42.69,42.9,41.95,41.99,10.4975,251500,0.0,1.0
2005-10-12,41.99,42.17,41.41,41.74,10.435,401400,0.0,1.0
2005-10-13,41.8,42.27,41.71,41.9,10.475,219900,0.0,1.0
2005-10-14,42.05,42.32,41.55,41.92,10.48,276800,0.0,1.0
2005-10-17,41.92,41.95,41.5,41.9,10.475,421800,0.0,1.0
2005-10-18,42.0,42.99,41.8,42.84,10.71,781400,0.0,1.0
2005-10-19,42.8,43.03,42.51,43.0,10.75,496000,0.0,1.0
2005-10-20,43.1,43.21,42.59,42.89,10.7225,403600,0.0,1.0
2005-10-21,42.89,42.99,42.47,42.54,10.635,281600,0.0,1.0
2005-10-24,42.54,42.76,42.1,42.69,10.6725,429500,0.0,1.0
2005-10-25,42.68,42.77,41.98,42.15,10.5375,255600,0.0,1.0
2005-10-26,42.16,42.16,41.5,41.63,10.4075,621700,0.0,1.0
2005-10-27,41.62,41.81,40.95,41.05,10.2625,400100,0.0,1.0
2005-10-28,41.23,41.4,40.54,41.34,10.335,425600,0.0,1.0
2005-10-31,41.35,42.12,41.31,41.38,10.345,348000,0.0,1.0
2005-11-01,41.13,41.98,41.13,41.75,10.4375,332800,0.0,1.0
2005-11-02,41.56,42.3,41.56,42.02,10.505,281400,0.0,1.0
2005-11-03,42.02,42.28,41.71,42.0,10.5,372200,0.0,1.0
2005-11-04,42.05,42.1,41.46,41.9,10.475,230800,0.0,1.0
2005-11-07,41.95,42.17,41.72,41.9,10.475,417100,0.0,1.0
2005-11-08,41.86,42.22,41.68,42.22,10.555,255200,0.0,1.0
2005-11-09,42.16,42.65,42.16,42.4,10.6,184700,0.0,1.0
2005-11-10,42.39,42.61,41.82,42.26,10.565,256000,0.0,1.0
2005-11-11,42.28,42.34,41.69,42.13,10.5325,257500,0.0,1.0
2005-11-14,42.13,42.14,41.65,41.94,10.485,188000,0.0,1.0
2005-11-15,41.85,42.05,41.52,41.9,10.475,343800,0.0,1.0
2005-11-16,41.97,42.1,41.85,41.99,10.4975,402400,0.0,1.0
2005-11-17,42.05,42.07,41.73,41.8,10.45,302600,0.0,1.0
2005-11-18,41.85,41.95,41.55,41.69,10.4225,330600,0.0,1.0
2005-11-21,41.75,41.75,41.38,41.57,10.3925,440800,0.0,1.0
2005-11-22,41.4,41.54,41.01,41.11,10.2775,476600,0.0,1.0
2005-11-23,41.18,41.3,40.88,40.99,10.2475,333900,0.0,1.0
2005-11-25,41.1,41.41,41.04,41.3,10.325,47600,0.0,1.0
2005-11-28,41.3,41.3,40.43,40.45,10.1125,468400,0.0,1.0
2005-11-29,40.55,40.76,39.65,39.85,9.9625,564600,0.0,1.0
2005-11-30,40.08,40.5,39.89,39.99,9.9975,722700,0.0,1.0
2005-12-01,39.93,40.6,39.75,40.6,10.15,1032600,0.0,1.0
2005-12-02,40.6,42.15,40.47,41.9,10.475,635500,0.0,1.0
2005-12-05,41.9,42.26,41.43,41.75,10.4375,336600,0.0,1.0
2005-12-06,41.93,42.2,41.8,41.9,10.475,285300,0.0,1.0
2005-12-07,42.0,42.24,41.31,41.48,10.37,368700,0.0,1.0
2005-12-08,41.55,41.6,41.02,41.29,10.3225,289000,0.0,1.0
2005-12-09,41.5,41.81,41.4,41.5,10.375,379300,0.0,1.0
2005-12-12,41.72,41.91,41.4601,41.7,10.425,259900,0.0,1.0
2005-12-13,41.75,41.89,41.55,41.65,10.4125,260200,0.0,1.0
2005-12-14,41.8,42.24,41.6,41.89,10.4725,248400,0.0,1.0
2005-12-15,41.94,42.01,41.63,41.91,10.4775,211900,0.0,1.0
2005-12-16,41.95,42.57,41.88,42.03,10.5075,327900,0.0,1.0
2005-12-19,42.18,42.18,41.29,41.5,10.375,253400,0.0,1.0
2005-12-20,41.74,41.75,41.33,41.56,10.39,214100,0.0,1.0
2005-12-21,41.77,41.82,41.41,41.8,10.45,279800,0.0,1.0
2005-12-22,41.85,42.34,41.76,42.02,10.505,146100,0.0,1.0
2005-12-23,42.12,42.4,41.7,42.03,10.5075,129100,0.0,1.0
2005-12-27,42.33,42.42,41.55,41.76,10.44,330900,0.0,1.0
2005-12-28,41.84,42.03,41.6984,41.82,10.455,215400,0.0,1.0
2005-12-29,41.95,42.05,41.62,41.91,10.4775,184500,0.0,1.0
2005-12-30,41.92,41.95,41.53,41.61,10.4025,148600,0.0,1.0
2006-01-03,41.48,41.64,41.11,41.4,10.35,440700,0.0,1.0
2006-01-04,41.4,42.37,41.35,42.3,10.575,403500,0.0,1.0
2006-01-05,42.39,42.6,42.08,42.16,10.54,359800,0.0,1.0
2006-01-06,42.25,42.5,42.01,42.46,10.615,235100,0.0,1.0
2006-01-09,42.58,42.65,41.84,41.94,10.485,378800,0.0,1.0
2006-01-10,41.94,42.54,41.93,42.5,10.625,462600,0.0,1.0
2006-01-11,42.5,43.12,42.15,42.25,10.5625,562700,0.0,1.0
2006-01-12,42.2,42.83,42.14,42.77,10.6925,268700,0.0,1.0
2006-01-13,42.77,43.25,42.77,42.98,10.745,250400,0.0,1.0
2006-01-17,42.89,43.05,42.22,42.36,10.59,306800,0.0,1.0
2006-01-18,42.16,42.74,42.15,42.68,10.67,267500,0.0,1.0
2006-01-19,42.71,42.71,42.34,42.57,10.6425,239900,0.0,1.0
2006-01-20,42.5,42.58,42.2,42.2,10.55,259600,0.0,1.0
2006-01-23,42.37,42.49,42.2,42.23,10.5575,519000,0.0,1.0
2006-01-24,42.33,42.56,42.16,42.24,10.56,434300,0.0,1.0
2006-01-25,42.26,42.31,41.6,41.74,10.435,394100,0.0,1.0
2006-01-26,41.85,42.68,41.85,42.48,10.62,448200,0.0,1.0
2006-01-27,42.63,42.95,42.4,42.55,10.6375,176900,0.0,1.0
2006-01-30,42.54,42.89,42.44,42.8,10.7,272800,0.0,1.0
2006-01-31,42.67,42.99,42.6,42.94,10.735,281000,0.0,1.0
2006-02-01,42.69,43.43,42.69,43.33,10.8325,432800,0.0,1.0
2006-02-02,43.3,43.33,42.75,42.81,10.7025,221300,0.0,1.0
2006-02-03,44.5,47.3199,44.5,46.2,11.55,2551100,0.0,1.0
2006-02-06,46.1,46.1,44.51,44.67,11.1675,836200,0.0,1.0
2006-02-07,44.8,45.08,43.76,44.01,11.0025,564400,0.0,1.0
2006-02-08,44.02,44.2,43.89,44.04,11.01,428700,0.0,1.0
2006-02-09,44.27,44.54,43.7705,44.51,11.1275,486300,0.0,1.0
2006-02-10,44.5,44.5,43.5,43.62,10.905,505900,0.0,1.0
2006-02-13,43.33,43.71,43.0,43.31,10.8275,522500,0.0,1.0
2006-02-14,43.31,43.69,43.0,43.09,10.7725,446500,0.0,1.0
2006-02-15,43.06,43.27,42.73,43.0,10.75,433000,0.0,1.0
2006-02-16,43.05,43.23,42.78,43.03,10.7575,344200,0.0,1.0
2006-02-17,43.07,43.07,42.37,42.39,10.5975,265100,0.0,1.0
2006-02-21,42.36,42.36,41.66,42.11,10.5275,511200,0.0,1.0
2006-02-22,42.11,42.4,42.05,42.36,10.59,378300,0.0,1.0
2006-02-23,42.35,42.51,42.06,42.07,10.5175,308600,0.0,1.0
2006-02-24,42.01,42.22,41.91,42.03,10.5075,234600,0.0,1.0
2006-02-27,42.0,42.03,41.9,42.0,10.5,494400,0.0,1.0
2006-02-28,41.95,42.01,41.0,41.35,10.3375,582800,0.0,1.0
2006-03-01,41.1,42.06,41.04,41.9,10.475,550400,0.0,1.0
2006-03-02,42.0,42.29,41.89,42.26,10.565,418900,0.0,1.0
2006-03-03,42.35,42.75,42.16,42.5,10.625,521500,0.0,1.0
2006-03-06,42.4,42.6,42.0,42.21,10.5525,355100,0.0,1.0
2006-03-07,42.15,42.44,41.63,41.83,10.4575,484200,0.0,1.0
2006-03-08,41.65,41.84,41.29,41.44,10.36,360400,0.0,1.0
2006-03-09,41.56,41.98,41.48,41.72,10.43,278800,0.0,1.0
2006-03-10,41.69,42.0,41.6,41.79,10.4475,150300,0.0,1.0
2006-03-13,41.9,42.1,41.44,41.56,10.39,214600,0.0,1.0
2006-03-14,41.5,41.92,41.38,41.88,10.47,311000,0.0,1.0
2006-03-15,41.83,42.28,41.78,42.28,10.57,233400,0.0,1.0
2006-03-16,42.21,42.3,42.02,42.3,10.575,245600,0.0,1.0
2006-03-17,42.3,42.75,42.21,42.6,10.65,311700,0.0,1.0
2006-03-20,42.46,42.75,42.39,42.7,10.675,268600,0.0,1.0
2006-03-21,42.87,43.08,42.65,43.04,10.76,571400,0.0,1.0
2006-03-22,43.04,43.89,42.81,43.83,10.9575,580900,0.0,1.0
2006-03-23,43.85,44.87,43.84,44.86,11.215,1026800,0.0,1.0
2006-03-24,44.86,45.15,44.71,44.82,11.205,420200,0.0,1.0
2006-03-27,44.85,44.86,44.47,44.47,11.1175,391600,0.0,1.0
2006-03-28,44.47,44.49,44.03,44.28,11.07,248600,0.0,1.0
2006-03-29,44.17,44.44,43.81,43.82,10.955,390900,0.0,1.0
2006-03-30,43.82,43.82,42.8,43.33,10.8325,1251100,0.0,1.0
2006-03-31,43.43,43.62,43.27,43.5,10.875,342000,0.0,1.0
2006-04-03,42.92,43.64,42.92,43.43,10.8575,477200,0.0,1.0
2006-04-04,43.38,43.45,43.0,43.4,10.85,437500,0.0,1.0
2006-04-05,43.39,43.54,42.95,43.45,10.8625,302100,0.0,1.0
2006-04-06,43.3,43.54,43.01,43.35,10.8375,297300,0.0,1.0
2006-04-07,43.45,43.9,43.18,43.26,10.815,244500,0.0,1.0
2006-04-10,43.25,43.4,42.87,43.12,10.78,262200,0.0,1.0
2006-04-11,43.05,43.18,42.63,42.82,10.705,191500,0.0,1.0
2006-04-12,42.81,43.15,42.75,42.9,10.725,202600,0.0,1.0
2006-04-13,42.85,42.86,42.01,42.85,10.7125,327100,0.0,1.0
2006-04-17,42.85,42.92,42.58,42.77,10.6925,277000,0.0,1.0
2006-04-18,42.82,43.99,42.82,43.53,10.8825,412700,0.0,1.0
2006-04-19,43.53,43.9,43.48,43.75,10.9375,409400,0.0,1.0
2006-04-20,43.92,45.05,43.85,44.89,11.2225,543700,0.0,1.0
2006-04-21,45.5,46.11,45.0,45.5,11.375,770100,0.0,1.0
2006-04-24,45.35,45.37,44.55,44.91,11.2275,528100,0.0,1.0
2006-04-25,44.9,44.91,44.49,44.68,11.17,216500,0.0,1.0
2006-04-26,44.75,44.9,44.39,44.64,11.16,213400,0.0,1.0
2006-04-27,44.64,44.72,44.43,44.66,11.165,159400,0.0,1.0
2006-04-28,44.5,44.95,44.36,44.44,11.11,322200,0.0,1.0
2006-05-01,44.0,44.39,43.81,43.9,10.975,321300,0.0,1.0
2006-05-02,43.94,44.1,43.74,43.9,10.975,243500,0.0,1.0
2006-05-03,43.96,44.1,43.48,43.66,10.915,207000,0.0,1.0
2006-05-04,43.66,44.14,43.66,44.07,11.0175,197400,0.0,1.0
2006-05-05,44.07,44.44,43.77,44.32,11.08,218200,0.0,1.0
2006-05-08,44.15,44.42,44.0,44.1,11.025,161500,0.0,1.0
2006-05-09,44.0,44.1,43.49,43.5,10.875,324600,0.0,1.0
2006-05-10,43.5,44.02,43.5,43.91,10.9775,519100,0.0,1.0
2006-05-11,43.75,44.78,43.68,44.2,11.05,359100,0.0,1.0
2006-05-12,44.24,44.32,43.62,43.98,10.995,262900,0.0,1.0
2006-05-15,43.74,44.52,43.74,44.5,11.125,488200,0.0,1.0
2006-05-16,44.5,44.75,44.34,44.41,11.1025,295200,0.0,1.0
2006-05-17,44.25,44.52,43.5,43.85,10.9625,325300,0.0,1.0
2006-05-18,43.91,44.39,43.72,43.77,10.9425,293400,0.0,1.0
2006-05-19,44.02,44.39,43.84,44.24,11.06,321300,0.0,1.0
2006-05-22,44.21,44.38,43.6,44.05,11.0125,414500,0.0,1.0
2006-05-23,44.1,44.11,43.36,43.52,10.88,293100,0.0,1.0
2006-05-24,43.48,44.07,43.1,43.84,10.96,274100,0.0,1.0
2006-05-25,43.87,44.1,43.52,43.95,10.9875,247000,0.0,1.0
2006-05-26,43.99,44.48,43.85,44.0,11.0,213900,0.0,1.0
2006-05-30,43.9,44.39,43.83,44.19,11.0475,205200,0.0,1.0
2006-05-31,44.15,44.46,43.86,44.34,11.085,263900,0.0,1.0
2006-06-01,44.23,44.62,44.0,44.57,11.1425,311500,0.0,1.0
2006-06-02,44.75,45.17,44.58,45.07,11.2675,239600,0.0,1.0
2006-06-05,44.95,45.18,44.36,44.53,11.1325,206000,0.0,1.0
2006-06-06,44.49,44.75,44.19,44.4,11.1,209200,0.0,1.0
2006-06-07,44.46,45.07,44.4,44.9,11.225,352800,0.0,1.0
2006-06-08,44.8,45.41,44.72,45.33,11.3325,359100,0.0,1.0
2006-06-09,45.3,45.5,44.97,45.22,11.305,164300,0.0,1.0
2006-06-12,45.14,45.17,44.56,44.66,11.165,262300,0.0,1.0
2006-06-13,44.55,45.21,44.54,44.78,11.195,297300,0.0,1.0
2006-06-14,44.63,44.73,44.33,44.64,11.16,252100,0.0,1.0
2006-06-15,44.7,45.34,44.44,45.31,11.3275,308100,0.0,1.0
2006-06-16,45.41,45.7,45.16,45.41,11.3525,350600,0.0,1.0
2006-06-19,45.35,45.61,44.9,45.01,11.2525,411900,0.0,1.0
2006-06-20,44.93,45.298,44.8,44.99,11.2475,304100,0.0,1.0
2006-06-21,44.88,45.4,44.88,45.3,11.325,278400,0.0,1.0
2006-06-22,45.25,45.26,44.22,44.33,11.0825,454000,0.0,1.0
2006-06-23,44.22,44.59,44.0,44.31,11.0775,239400,0.0,1.0
2006-06-26,44.25,45.04,44.13,44.56,11.14,400300,0.0,1.0
2006-06-27,44.55,44.57,44.02,44.16,11.04,308500,0.0,1.0
2006-06-28,44.28,44.45,43.87,43.96,10.99,289400,0.0,1.0
2006-06-29,44.11,44.72,44.02,44.56,11.14,608800,0.0,1.0
2006-06-30,44.67,45.43,44.31,45.43,11.3575,502900,0.0,1.0
2006-07-03,45.43,45.63,45.02,45.52,11.38,154800,0.0,1.0
2006-07-05,45.5,45.59,44.63,44.8,11.2,253800,0.0,1.0
2006-07-06,44.75,45.36,44.75,44.95,11.2375,195900,0.0,1.0
2006-07-07,44.84,45.3,44.78,44.91,11.2275,164500,0.0,1.0
2006-07-10,45.0,45.45,44.73,44.82,11.205,343500,0.0,1.0
2006-07-11,44.7,44.96,44.64,44.8,11.2,244400,0.0,1.0
2006-07-12,44.71,45.19,44.71,44.93,11.2325,222800,0.0,1.0
2006-07-13,44.85,45.1,44.65,44.66,11.165,223500,0.0,1.0
2006-07-14,44.67,44.89,44.0,44.21,11.0525,292700,0.0,1.0
2006-07-17,44.05,44.69,44.05,44.5,11.125,264200,0.0,1.0
2006-07-18,44.5,44.91,44.09,44.6,11.15,249600,0.0,1.0
2006-07-19,44.65,45.9599,44.65,45.72,11.43,348400,0.0,1.0
2006-07-20,45.81,45.9,45.23,45.6,11.4,263200,0.0,1.0
2006-07-21,45.6,45.7,44.77,45.15,11.2875,198900,0.0,1.0
2006-07-24,45.14,45.53,44.48,44.92,11.23,296500,0.0,1.0
2006-07-25,42.51,43.65,41.55,43.26,10.815,1570500,0.0,1.0
2006-07-26,43.16,43.57,42.35,43.39,10.8475,913800,0.0,1.0
2006-07-27,43.39,43.65,42.75,43.49,10.8725,425500,0.0,1.0
2006-07-28,43.49,44.21,43.3,43.98,10.995,277300,0.0,1.0
2006-07-31,44.03,44.49,43.87,44.24,11.06,218800,0.0,1.0
2006-08-01,44.1,44.21,43.45,44.08,11.02,236300,0.0,1.0
2006-08-02,44.28,44.78,44.2,44.35,11.0875,321700,0.0,1.0
2006-08-03,44.2,44.55,43.56,44.31,11.0775,296100,0.0,1.0
2006-08-04,44.48,45.0,44.48,44.7,11.175,306900,0.0,1.0
2006-08-07,44.54,44.67,44.08,44.27,11.0675,181900,0.0,1.0
2006-08-08,44.37,44.7,44.23,44.57,11.1425,235100,0.0,1.0
2006-08-09,44.75,44.98,44.68,44.76,11.19,245800,0.0,1.0
2006-08-10,44.65,45.69,44.54,45.43,11.3575,416000,0.0,1.0
2006-08-11,45.38,45.39,45.08,45.2,11.3,159000,0.0,1.0
2006-08-14,45.29,45.4,44.91,45.15,11.2875,176500,0.0,1.0
2006-08-15,45.3,45.57,45.15,45.47,11.3675,345700,0.0,1.0
2006-08-16,45.5,45.82,45.5,45.76,11.44,264000,0.0,1.0
2006-08-17,45.6,46.44,45.6,46.36,11.59,311600,0.0,1.0
2006-08-18,46.33,46.33,45.66,46.13,11.5325,171300,0.0,1.0
2006-08-21,46.01,46.13,45.77,45.97,11.4925,104100,0.0,1.0
2006-08-22,45.87,45.87,45.39,45.47,11.3675,235200,0.0,1.0
2006-08-23,45.7768,46.48,45.39,46.36,11.59,414000,0.0,1.0
2006-08-24,46.36,46.4,45.86,45.99,11.4975,190600,0.0,1.0
2006-08-25,45.93,46.67,45.93,46.5,11.625,255500,0.0,1.0
2006-08-28,46.36,46.48,45.92,46.14,11.535,206300,0.0,1.0
2006-08-29,46.05,46.44,45.71,46.44,11.61,242800,0.0,1.0
2006-08-30,46.44,46.65,46.21,46.57,11.6425,169800,0.0,1.0
2006-08-31,46.58,46.94,46.27,46.69,11.6725,170800,0.0,1.0
2006-09-01,46.69,46.78,46.09,46.68,11.67,160500,0.0,1.0
2006-09-05,46.52,46.72,46.41,46.55,11.6375,152100,0.0,1.0
2006-09-06,46.31,46.33,45.57,45.98,11.495,294200,0.0,1.0
2006-09-07,45.76,46.99,45.68,46.53,11.6325,297400,0.0,1.0
2006-09-08,46.51,46.85,45.95,46.69,11.6725,239200,0.0,1.0
2006-09-11,46.57,47.25,46.43,47.24,11.81,194900,0.0,1.0
2006-09-12,47.01,47.69,46.91,47.46,11.865,311400,0.0,1.0
2006-09-13,47.46,47.5,47.14,47.23,11.8075,210100,0.0,1.0
2006-09-14,47.01,47.09,46.69,47.07,11.7675,170300,0.0,1.0
2006-09-15,47.32,47.49,46.93,46.95,11.7375,317200,0.0,1.0
2006-09-18,46.99,47.09,46.51,46.72,11.68,190700,0.0,1.0
2006-09-19,46.6,46.94,46.15,46.62,11.655,171700,0.0,1.0
2006-09-20,46.7,46.84,46.53,46.7,11.675,231900,0.0,1.0
2006-09-21,46.69,46.78,46.28,46.49,11.6225,277100,0.0,1.0
2006-09-22,46.39,46.5,46.0,46.26,11.565,153600,0.0,1.0
2006-09-25,46.26,46.58,46.01,46.49,11.6225,254200,0.0,1.0
2006-09-26,46.42,46.76,46.23,46.71,11.6775,191800,0.0,1.0
2006-09-27,46.71,46.98,46.65,46.76,11.69,304500,0.0,1.0
2006-09-28,46.66,47.07,46.6201,46.76,11.69,415000,0.0,1.0
2006-09-29,46.76,47.23,46.58,46.59,11.6475,344700,0.0,1.0
2006-10-02,46.45,47.14,46.38,46.81,11.7025,326300,0.0,1.0
2006-10-03,46.76,47.08,46.7,46.79,11.6975,148800,0.0,1.0
2006-10-04,46.75,47.34,46.75,47.1,11.775,186400,0.0,1.0
2006-10-05,47.3499,47.78,46.94,47.64,11.91,298900,0.0,1.0
2006-10-06,47.48,47.59,47.02,47.45,11.8625,128200,0.0,1.0
2006-10-09,47.29,47.99,47.27,47.99,11.9975,236200,0.0,1.0
2006-10-10,48.0,48.21,47.72,47.93,11.9825,276500,0.0,1.0
2006-10-11,47.68,48.11,47.67,47.93,11.9825,239000,0.0,1.0
2006-10-12,47.86,47.94,47.01,47.22,11.805,483700,0.0,1.0
2006-10-13,47.14,47.15,46.83,46.97,11.7425,379200,0.0,1.0
2006-10-16,47.0,47.88,46.97,47.88,11.97,228100,0.0,1.0
2006-10-17,47.89,47.89,46.66,46.67,11.6675,476600,0.0,1.0
2006-10-18,46.67,46.8,46.04,46.25,11.5625,826000,0.0,1.0
2006-10-19,46.16,46.68,45.96,46.21,11.5525,654100,0.0,1.0
2006-10-20,44.75,45.08,44.05,44.4,11.1,1253100,0.0,1.0
2006-10-23,44.36,44.36,43.87,44.0,11.0,589200,0.0,1.0
2006-10-24,43.88,44.45,43.85,44.29,11.0725,622500,0.0,1.0
2006-10-25,44.22,44.6,44.11,44.36,11.09,368700,0.0,1.0
2006-10-26,44.4,44.68,44.0,44.59,11.1475,358300,0.0,1.0
2006-10-27,44.47,44.47,44.03,44.04,11.01,235400,0.0,1.0
2006-10-30,43.95,44.1,43.54,43.55,10.8875,429800,0.0,1.0
2006-10-31,43.4,43.4,42.71,42.93,10.7325,765000,0.0,1.0
2006-11-01,42.68,43.09,42.29,42.72,10.68,656700,0.0,1.0
2006-11-02,42.5,42.84,42.34,42.76,10.69,419700,0.0,1.0
2006-11-03,42.76,43.55,42.68,43.35,10.8375,369600,0.0,1.0
2006-11-06,43.35,43.92,43.1,43.72,10.93,367500,0.0,1.0
2006-11-07,43.76,44.01,43.55,43.59,10.8975,214700,0.0,1.0
2006-11-08,43.48,43.95,43.47,43.81,10.9525,339700,0.0,1.0
2006-11-09,43.84,43.88,43.2,43.2,10.8,484500,0.0,1.0
2006-11-10,43.2,43.25,42.93,43.19,10.7975,303500,0.0,1.0
2006-11-13,43.07,43.17,42.58,42.84,10.71,391000,0.0,1.0
2006-11-14,42.8,43.24,42.32,43.21,10.8025,329900,0.0,1.0
2006-11-15,43.24,43.85,43.2301,43.67,10.9175,284000,0.0,1.0
2006-11-16,43.81,44.07,43.58,44.07,11.0175,322300,0.0,1.0
2006-11-17,44.04,44.22,43.95,44.06,11.015,233400,0.0,1.0
2006-11-20,44.09,44.64,43.97,44.22,11.055,417200,0.0,1.0
2006-11-21,44.27,44.98,44.2,44.74,11.185,429700,0.0,1.0
2006-11-22,44.77,44.96,44.62,44.95,11.2375,239500,0.0,1.0
2006-11-24,44.79,45.08,44.77,44.93,11.2325,123500,0.0,1.0
2006-11-27,44.93,45.35,44.68,44.92,11.23,633400,0.0,1.0
2006-11-28,44.89,45.39,44.87,45.29,11.3225,495600,0.0,1.0
2006-11-29,45.41,46.01,45.41,45.86,11.465,312500,0.0,1.0
2006-11-30,45.85,46.2,45.71,45.84,11.46,319600,0.0,1.0
2006-12-01,45.75,46.02,45.44,45.97,11.4925,278300,0.0,1.0
2006-12-04,46.0,46.9,46.0,46.73,11.6825,298500,0.0,1.0
2006-12-05,46.8,46.8,46.35,46.6,11.65,152300,0.0,1.0
2006-12-06,46.6,46.72,46.46,46.61,11.6525,162300,0.0,1.0
2006-12-07,46.59,46.77,46.35,46.41,11.6025,279100,0.0,1.0
2006-12-08,46.41,46.68,46.3,46.6,11.65,305600,0.0,1.0
2006-12-11,46.74,47.75,46.74,47.17,11.7925,578300,0.0,1.0
2006-12-12,47.1401,47.73,47.1401,47.67,11.9175,423200,0.0,1.0
2006-12-13,47.8,47.93,47.15,47.42,11.855,292800,0.0,1.0
2006-12-14,47.5,47.87,47.2901,47.32,11.83,253300,0.0,1.0
2006-12-15,47.41,48.2,47.4,48.02,12.005,339900,0.0,1.0
2006-12-18,48.02,48.47,48.02,48.31,12.0775,278300,0.0,1.0
2006-12-19,48.2,48.3,47.47,47.94,11.985,284100,0.0,1.0
2006-12-20,47.9,48.19,47.74,48.06,12.015,163300,0.0,1.0
2006-12-21,48.07,48.44,47.49,47.59,11.8975,219800,0.0,1.0
2006-12-22,47.55,47.69,47.26,47.28,11.82,143300,0.0,1.0
2006-12-26,47.2,47.86,47.13,47.7,11.925,92400,0.0,1.0
2006-12-27,47.7,48.04,47.61,47.87,11.9675,84200,0.0,1.0
2006-12-28,47.77,48.41,47.71,47.88,11.97,163800,0.0,1.0
2006-12-29,47.89,47.9,47.04,47.04,11.76,150300,0.0,1.0
2007-01-03,46.74,48.18,46.06,47.94,11.985,349300,0.0,1.0
2007-01-04,47.95,48.25,47.84,48.02,12.005,183600,0.0,1.0
2007-01-05,47.83,48.02,47.39,47.9,11.975,144200,0.0,1.0
2007-01-08,47.81,47.84,47.32,47.61,11.9025,279000,0.0,1.0
2007-01-09,47.61,48.26,47.58,48.04,12.01,179100,0.0,1.0
2007-01-10,47.9,48.14,47.74,48.04,12.01,129700,0.0,1.0
2007-01-11,48.09,48.83,48.09,48.5,12.125,184700,0.0,1.0
2007-01-12,48.43,49.49,48.43,49.28,12.32,396000,0.0,1.0
2007-01-16,49.29,49.4,49.2,49.27,12.3175,256600,0.0,1.0
2007-01-17,49.09,49.48,49.09,49.31,12.3275,271600,0.0,1.0
2007-01-18,49.34,49.79,49.25,49.44,12.36,243200,0.0,1.0
2007-01-19,49.24,49.39,49.15,49.26,12.315,290900,0.0,1.0
2007-01-22,49.3,49.75,49.23,49.67,12.4175,243400,0.0,1.0
2007-01-23,49.57,49.95,49.37,49.72,12.43,224400,0.0,1.0
2007-01-24,49.55,50.09,49.54,50.09,12.5225,175700,0.0,1.0
2007-01-25,50.02,50.22,49.79,50.17,12.5425,278000,0.0,1.0
2007-01-26,50.2,51.13,50.15,51.02,12.755,390600,0.0,1.0
2007-01-29,51.02,51.35,50.7,51.26,12.815,820200,0.0,1.0
2007-01-30,51.07,51.3,50.74,51.19,12.7975,558700,0.0,1.0
2007-01-31,51.08,51.27,50.72,51.16,12.79,419200,0.0,1.0
2007-02-01,51.16,51.34,50.85,51.26,12.815,293800,0.0,1.0
2007-02-02,51.49,52.0,51.05,51.83,12.9575,568100,0.0,1.0
2007-02-05,51.8,52.51,51.35,52.25,13.0625,532300,0.0,1.0
2007-02-06,49.5,50.85,48.86,49.97,12.4925,1172100,0.0,1.0
2007-02-07,50.09,50.98,50.07,50.61,12.6525,420900,0.0,1.0
2007-02-08,50.56,51.34,50.56,50.92,12.73,272600,0.0,1.0
2007-02-09,50.9,51.26,50.45,50.59,12.6475,249100,0.0,1.0
2007-02-12,50.69,51.32,50.6501,50.97,12.7425,264900,0.0,1.0
2007-02-13,50.96,51.25,50.96,51.08,12.77,184300,0.0,1.0
2007-02-14,51.08,51.8,51.05,51.61,12.9025,236300,0.0,1.0
2007-02-15,51.41,52.35,51.41,52.1,13.025,254300,0.0,1.0
2007-02-16,51.93,52.43,51.91,52.41,13.1025,224300,0.0,1.0
2007-02-20,51.5,51.51,50.81,50.98,12.745,736500,0.0,1.0
2007-02-21,50.98,51.88,50.87,51.51,12.8775,314600,0.0,1.0
2007-02-22,51.67,51.79,51.37,51.37,12.8425,230300,0.0,1.0
2007-02-23,51.45,51.94,51.45,51.7,12.925,210800,0.0,1.0
2007-02-26,51.85,51.9,51.15,51.21,12.8025,320600,0.0,1.0
2007-02-27,50.5,50.86,50.0,50.13,12.5325,310100,0.0,1.0
2007-02-28,50.13,50.72,49.47,50.41,12.6025,503100,0.0,1.0
2007-03-01,49.77,50.13,49.0,49.83,12.4575,514800,0.0,1.0
2007-03-02,49.75,50.91,49.75,50.31,12.5775,479000,0.0,1.0
2007-03-05,50.26,50.55,49.95,50.12,12.53,485100,0.0,1.0
2007-03-06,50.13,51.1,49.85,51.01,12.7525,696100,0.0,1.0
2007-03-07,51.01,51.32,50.64,51.32,12.83,858100,0.0,1.0
2007-03-08,51.0,51.0,49.58,49.72,12.43,1411600,0.0,1.0
2007-03-09,49.94,50.04,49.36,49.69,12.4225,629400,0.0,1.0
2007-03-12,49.71,49.74,49.45,49.57,12.3925,461000,0.0,1.0
2007-03-13,49.38,49.38,48.64,48.67,12.1675,714100,0.0,1.0
2007-03-14,48.68,48.84,48.1,48.62,12.155,661400,0.0,1.0
2007-03-15,48.62,49.06,48.62,48.99,12.2475,493400,0.0,1.0
2007-03-16,49.01,49.1,48.68,48.77,12.1925,362200,0.0,1.0
2007-03-19,49.0,49.49,48.86,49.17,12.2925,291700,0.0,1.0
2007-03-20,49.17,49.32,48.24,49.3,12.325,1073800,0.0,1.0
2007-03-21,49.45,49.6,49.02,49.56,12.39,404800,0.0,1.0
2007-03-22,49.6,50.12,49.55,49.81,12.4525,787900,0.0,1.0
2007-03-23,49.81,49.96,49.36,49.76,12.44,341600,0.0,1.0
2007-03-26,49.72,49.79,49.37,49.61,12.4025,341100,0.0,1.0
2007-03-27,49.43,50.23,49.35,49.95,12.4875,275800,0.0,1.0
2007-03-28,49.88,50.4,49.87,50.29,12.5725,413600,0.0,1.0
2007-03-29,50.49,50.81,50.4,50.56,12.64,336600,0.0,1.0
2007-03-30,50.5,50.86,50.36,50.7,12.675,147800,0.0,1.0
2007-04-02,50.74,51.0,50.57,51.0,12.75,188200,0.0,1.0
2007-04-03,51.25,51.58,51.0,51.34,12.835,274300,0.0,1.0
2007-04-04,51.3,51.51,51.03,51.5,12.875,280900,0.0,1.0
2007-04-05,51.38,51.63,51.38,51.44,12.86,158000,0.0,1.0
2007-04-09,51.56,51.68,51.33,51.38,12.845,116300,0.0,1.0
2007-04-10,51.41,51.85,51.41,51.51,12.8775,278000,0.0,1.0
2007-04-11,51.35,51.56,51.13,51.34,12.835,236400,0.0,1.0
2007-04-12,51.26,51.9,51.22,51.87,12.9675,245200,0.0,1.0
2007-04-13,51.93,52.38,51.71,52.27,13.0675,291400,0.0,1.0
2007-04-16,52.48,52.95,52.4,52.76,13.19,364600,0.0,1.0
2007-04-17,52.76,52.88,52.56,52.75,13.1875,542000,0.0,1.0
2007-04-18,52.59,52.75,52.3,52.43,13.1075,321900,0.0,1.0
2007-04-19,52.18,52.34,51.87,52.0,13.0,299400,0.0,1.0
2007-04-20,51.9,52.14,51.88,51.95,12.9875,742500,0.0,1.0
2007-04-23,51.75,52.23,51.63,52.15,13.0375,404400,0.0,1.0
2007-04-24,50.63,51.0,48.53,49.03,12.2575,2630400,0.0,1.0
2007-04-25,49.08,49.11,48.26,48.71,12.1775,587800,0.0,1.0
2007-04-26,48.71,49.08,48.5,48.94,12.235,496000,0.0,1.0
2007-04-27,48.95,49.22,48.83,48.86,12.215,524400,0.0,1.0
2007-04-30,50.02,50.5,48.96,49.0,12.25,670000,0.0,1.0
2007-05-01,48.94,48.99,48.4,48.66,12.165,647100,0.0,1.0
2007-05-02,48.55,49.38,48.51,49.27,12.3175,603300,0.0,1.0
2007-05-03,49.23,49.59,49.02,49.1,12.275,393300,0.0,1.0
2007-05-04,49.1,49.17,48.65,48.81,12.2025,262900,0.0,1.0
2007-05-07,48.85,49.3,48.85,49.23,12.3075,392200,0.0,1.0
2007-05-08,48.85,49.33,48.58,48.91,12.2275,375000,0.0,1.0
2007-05-09,48.82,49.38,48.59,48.84,12.21,369100,0.0,1.0
2007-05-10,48.72,49.2,48.66,48.84,12.21,356000,0.0,1.0
2007-05-11,48.74,49.16,48.74,49.09,12.2725,219500,0.0,1.0
2007-05-14,49.01,49.6,48.97,49.09,12.2725,489600,0.0,1.0
2007-05-15,48.99,49.46,48.84,49.04,12.26,404100,0.0,1.0
2007-05-16,49.18,49.38,48.15,49.3,12.325,629100,0.0,1.0
2007-05-17,49.13,49.32,48.94,49.19,12.2975,216300,0.0,1.0
2007-05-18,49.29,49.99,49.17,49.82,12.455,353400,0.0,1.0
2007-05-21,49.7,50.07,49.55,50.06,12.515,388700,0.0,1.0
2007-05-22,49.94,50.69,49.89,50.68,12.67,360500,0.0,1.0
2007-05-23,50.78,51.68,50.78,51.11,12.7775,642000,0.0,1.0
2007-05-24,51.11,51.49,50.75,50.87,12.7175,460800,0.0,1.0
2007-05-25,50.94,50.94,50.32,50.38,12.595,407400,0.0,1.0
2007-05-29,50.39,50.58,50.15,50.26,12.565,327900,0.0,1.0
2007-05-30,50.1,50.34,50.08,50.17,12.5425,304600,0.0,1.0
2007-05-31,50.37,50.44,49.98,50.2,12.55,473800,0.0,1.0
2007-06-01,50.36,50.48,50.1,50.38,12.595,275100,0.0,1.0
2007-06-04,50.21,50.88,50.15,50.84,12.71,297100,0.0,1.0
2007-06-05,50.7,50.92,50.44,50.53,12.6325,237800,0.0,1.0
2007-06-06,50.33,50.33,49.83,50.11,12.5275,251800,0.0,1.0
2007-06-07,50.0,50.04,49.55,49.62,12.405,330500,0.0,1.0
2007-06-08,49.52,49.71,49.38,49.68,12.42,264600,0.0,1.0
2007-06-11,49.53,49.84,49.27,49.73,12.4325,292900,0.0,1.0
2007-06-12,49.62,49.62,49.04,49.06,12.265,304200,0.0,1.0
2007-06-13,49.13,49.48,48.97,49.44,12.36,191000,0.0,1.0
2007-06-14,49.5,49.55,49.15,49.3,12.325,192200,0.0,1.0
2007-06-15,49.5,49.69,49.25,49.3,12.325,401900,0.0,1.0
2007-06-18,49.49,49.49,49.2,49.37,12.3425,243100,0.0,1.0
2007-06-19,49.5,49.81,49.11,49.66,12.415,276300,0.0,1.0
2007-06-20,49.52,49.8,49.25,49.35,12.3375,476700,0.0,1.0
2007-06-21,49.25,49.46,49.0,49.37,12.3425,191200,0.0,1.0
2007-06-22,49.23,49.55,49.01,49.14,12.285,435100,0.0,1.0
2007-06-25,49.14,49.46,48.73,48.73,12.1825,293700,0.0,1.0
2007-06-26,48.91,49.85,48.82,49.75,12.4375,386300,0.0,1.0
2007-06-27,49.54,50.32,49.52,50.31,12.5775,410100,0.0,1.0
2007-06-28,50.11,50.37,49.84,50.05,12.5125,244500,0.0,1.0
2007-06-29,50.0,50.1,49.18,49.34,12.335,300800,0.0,1.0
2007-07-02,49.47,49.53,49.06,49.5,12.375,220000,0.0,1.0
2007-07-03,49.86,50.23,49.58,49.99,12.4975,197200,0.0,1.0
2007-07-05,50.0,50.07,49.76,49.97,12.4925,104000,0.0,1.0
2007-07-06,49.77,50.4,49.77,50.25,12.5625,296200,0.0,1.0
2007-07-09,50.25,50.29,49.83,50.09,12.5225,178500,0.0,1.0
2007-07-10,49.8,49.99,49.24,49.36,12.34,252600,0.0,1.0
2007-07-11,49.27,49.79,49.19,49.75,12.4375,254500,0.0,1.0
2007-07-12,49.83,50.42,49.83,50.15,12.5375,445800,0.0,1.0
2007-07-13,50.11,50.28,49.67,49.9,12.475,317700,0.0,1.0
2007-07-16,49.86,50.11,49.84,49.99,12.4975,408300,0.0,1.0
2007-07-17,49.97,50.25,49.89,49.98,12.495,330600,0.0,1.0
2007-07-18,49.85,50.19,49.74,50.04,12.51,295900,0.0,1.0
2007-07-19,50.12,50.79,50.1,50.55,12.6375,298600,0.0,1.0
2007-07-20,50.35,50.45,49.97,50.01,12.5025,435000,0.0,1.0
2007-07-23,50.26,50.51,49.75,49.88,12.47,581900,0.0,1.0
2007-07-24,47.7,48.14,47.03,47.23,11.8075,2014800,0.0,1.0
2007-07-25,47.21,47.3,46.32,46.72,11.68,642200,0.0,1.0
2007-07-26,46.27,47.07,46.13,46.46,11.615,931500,0.0,1.0
2007-07-27,46.58,46.88,46.18,46.44,11.61,845000,0.0,1.0
2007-07-30,46.3,46.3,45.9,46.2,11.55,702500,0.0,1.0
2007-07-31,46.4,46.47,45.85,45.96,11.49,735400,0.0,1.0
2007-08-01,45.9,46.59,45.55,46.49,11.6225,712100,0.0,1.0
2007-08-02,47.02,47.02,46.17,46.52,11.63,416400,0.0,1.0
2007-08-03,46.56,46.63,46.06,46.35,11.5875,609500,0.0,1.0
2007-08-06,46.53,46.65,46.2,46.59,11.6475,661400,0.0,1.0
2007-08-07,46.31,46.64,46.04,46.41,11.6025,783600,0.0,1.0
2007-08-08,46.42,48.05,46.33,47.31,11.8275,953200,0.0,1.0
2007-08-09,46.7,47.27,46.26,46.84,11.71,1224300,0.0,1.0
2007-08-10,46.47,46.71,45.58,46.26,11.565,1049200,0.0,1.0
2007-08-13,46.5,46.97,46.16,46.61,11.6525,620800,0.0,1.0
2007-08-14,46.44,46.96,46.3,46.51,11.6275,646900,0.0,1.0
2007-08-15,46.34,47.05,46.16,46.36,11.59,383600,0.0,1.0
2007-08-16,46.12,47.33,46.09,47.1,11.775,395100,0.0,1.0
2007-08-17,48.03,48.03,46.81,47.0,11.75,488600,0.0,1.0
2007-08-20,47.0,47.16,46.59,46.82,11.705,469400,0.0,1.0
2007-08-21,46.59,47.08,46.56,46.94,11.735,425500,0.0,1.0
2007-08-22,47.0,47.04,46.65,46.92,11.73,275400,0.0,1.0
2007-08-23,46.96,47.52,46.91,47.42,11.855,289200,0.0,1.0
2007-08-24,47.45,48.04,47.38,48.04,12.01,243200,0.0,1.0
2007-08-27,47.91,48.4,47.89,48.07,12.0175,249600,0.0,1.0
2007-08-28,47.88,48.24,47.27,47.41,11.8525,306500,0.0,1.0
2007-08-29,47.87,48.03,47.05,47.99,11.9975,253100,0.0,1.0
2007-08-30,47.68,48.0,47.56,47.74,11.935,275700,0.0,1.0
2007-08-31,48.19,48.45,47.75,48.3,12.075,342300,0.0,1.0
2007-09-04,48.0,48.37,47.6,47.68,11.92,331600,0.0,1.0
2007-09-05,48.2,48.47,47.96,48.47,12.1175,504500,0.0,1.0
2007-09-06,48.64,48.65,48.32,48.52,12.13,259700,0.0,1.0
2007-09-07,48.48,48.77,48.14,48.3,12.075,316000,0.0,1.0
2007-09-10,48.4,48.59,47.82,47.89,11.9725,271800,0.0,1.0
2007-09-11,48.08,48.2,47.75,48.18,12.045,202400,0.0,1.0
2007-09-12,48.02,48.63,48.02,48.36,12.09,307900,0.0,1.0
2007-09-13,48.56,48.56,47.7,47.77,11.9425,245000,0.0,1.0
2007-09-14,47.47,48.09,47.29,47.87,11.9675,221200,0.0,1.0
2007-09-17,47.82,48.09,47.42,47.46,11.865,109600,0.0,1.0
2007-09-18,47.69,48.2,47.18,48.17,12.0425,330300,0.0,1.0
2007-09-19,48.47,48.97,48.36,48.77,12.1925,490200,0.0,1.0
2007-09-20,48.75,48.96,48.63,48.86,12.215,349300,0.0,1.0
2007-09-21,49.14,49.14,48.67,48.75,12.1875,402300,0.0,1.0
2007-09-24,48.9,49.0,48.15,48.49,12.1225,198100,0.0,1.0
2007-09-25,48.37,48.52,48.23,48.4,12.1,163700,0.0,1.0
2007-09-26,48.68,49.06,48.53,48.77,12.1925,275600,0.0,1.0
2007-09-27,48.98,49.75,48.95,49.37,12.3425,289800,0.0,1.0
2007-09-28,49.49,49.49,48.93,49.31,12.3275,211700,0.0,1.0
2007-10-01,49.17,49.68,48.4,49.48,12.37,320000,0.0,1.0
2007-10-02,49.38,49.67,49.12,49.57,12.3925,191800,0.0,1.0
2007-10-03,49.39,49.92,49.21,49.85,12.4625,196600,0.0,1.0
2007-10-04,50.01,50.57,50.01,50.46,12.615,446100,0.0,1.0
2007-10-05,51.5,52.86,51.32,51.52,12.88,574900,0.0,1.0
2007-10-08,51.6,51.88,51.24,51.49,12.8725,180800,0.0,1.0
2007-10-09,51.55,51.7,50.51,50.97,12.7425,270900,0.0,1.0
2007-10-10,50.62,50.79,50.24,50.53,12.6325,410600,0.0,1.0
2007-10-11,50.66,50.79,50.48,50.62,12.655,421600,0.0,1.0
2007-10-12,50.71,50.92,49.62,49.77,12.4425,434100,0.0,1.0
2007-10-15,49.92,50.02,49.43,49.64,12.41,325700,0.0,1.0
2007-10-16,49.72,49.75,49.29,49.35,12.3375,354900,0.0,1.0
2007-10-17,49.73,49.88,49.17,49.77,12.4425,470200,0.0,1.0
2007-10-18,49.43,49.75,49.21,49.51,12.3775,347000,0.0,1.0
2007-10-19,49.5,49.77,49.09,49.63,12.4075,386000,0.0,1.0
2007-10-22,49.43,50.22,49.18,49.78,12.445,587600,0.0,1.0
2007-10-23,48.5,48.55,46.98,48.05,12.0125,675800,0.0,1.0
2007-10-24,47.85,48.87,47.85,48.78,12.195,690100,0.0,1.0
2007-10-25,48.77,49.45,48.07,49.13,12.2825,491500,0.0,1.0
2007-10-26,49.3,49.92,49.2,49.49,12.3725,487600,0.0,1.0
2007-10-29,49.68,49.77,49.3,49.68,12.42,324300,0.0,1.0
2007-10-30,49.34,49.76,49.33,49.53,12.3825,351900,0.0,1.0
2007-10-31,49.62,50.22,49.44,50.22,12.555,505800,0.0,1.0
2007-11-01,49.53,50.01,49.51,49.79,12.4475,390800,0.0,1.0
2007-11-02,49.91,50.31,49.44,50.19,12.5475,413200,0.0,1.0
2007-11-05,49.88,50.28,49.76,49.94,12.485,463700,0.0,1.0
2007-11-06,49.9,50.24,49.58,49.89,12.4725,233600,0.0,1.0
2007-11-07,49.4,50.48,49.4,50.13,12.5325,403300,0.0,1.0
2007-11-08,50.5,50.5,49.83,50.34,12.585,417900,0.0,1.0
2007-11-09,49.73,50.43,49.67,49.9,12.475,280800,0.0,1.0
2007-11-12,49.76,50.19,49.52,49.68,12.42,166700,0.0,1.0
2007-11-13,49.95,50.25,49.64,50.01,12.5025,197900,0.0,1.0
2007-11-14,50.18,50.46,49.66,50.25,12.5625,211700,0.0,1.0
2007-11-15,50.29,50.63,50.12,50.29,12.5725,239600,0.0,1.0
2007-11-16,50.42,50.48,49.92,50.44,12.61,283800,0.0,1.0
2007-11-19,49.95,50.64,49.91,50.23,12.5575,408400,0.0,1.0
2007-11-20,50.24,50.51,49.7,50.28,12.57,630600,0.0,1.0
2007-11-21,49.96,50.06,49.0,49.02,12.255,373200,0.0,1.0
2007-11-23,49.26,49.85,49.03,49.69,12.4225,56400,0.0,1.0
2007-11-26,49.45,49.78,48.84,48.93,12.2325,167400,0.0,1.0
2007-11-27,49.14,49.49,48.93,49.23,12.3075,345900,0.0,1.0
2007-11-28,49.23,50.73,49.23,50.68,12.67,207000,0.0,1.0
2007-11-29,50.65,51.02,49.7,49.79,12.4475,325000,0.0,1.0
2007-11-30,50.09,50.19,49.2,49.45,12.3625,434500,0.0,1.0
2007-12-03,49.22,49.72,48.57,48.93,12.2325,275700,0.0,1.0
2007-12-04,48.41,48.66,47.49,47.61,11.9025,917100,0.0,1.0
2007-12-05,48.1,48.19,47.19,47.35,11.8375,646700,0.0,1.0
2007-12-06,47.19,48.53,46.95,47.92,11.98,541100,0.0,1.0
2007-12-07,48.05,49.89,47.65,48.49,12.1225,950300,0.0,1.0
2007-12-10,48.4,49.4,48.4,49.21,12.3025,384900,0.0,1.0
2007-12-11,49.66,49.72,48.43,48.44,12.11,283300,0.0,1.0
2007-12-12,49.29,49.47,48.5,48.85,12.2125,203400,0.0,1.0
2007-12-13,48.73,49.1,48.49,49.1,12.275,200700,0.0,1.0
2007-12-14,48.89,49.25,48.74,48.98,12.245,283100,0.0,1.0
2007-12-17,48.93,49.05,47.83,47.88,11.97,293100,0.0,1.0
2007-12-18,48.23,48.3,46.72,46.97,11.7425,557600,0.0,1.0
2007-12-19,46.78,47.16,46.78,47.04,11.76,484700,0.0,1.0
2007-12-20,47.3,47.52,46.96,47.32,11.83,196800,0.0,1.0
2007-12-21,47.92,48.17,47.35,47.62,11.905,461000,0.0,1.0
2007-12-24,47.63,47.82,47.48,47.69,11.9225,111600,0.0,1.0
2007-12-26,47.57,47.69,46.93,47.07,11.7675,259400,0.0,1.0
2007-12-27,46.95,47.02,46.4,46.54,11.635,513900,0.0,1.0
2007-12-28,46.59,46.6,46.0,46.18,11.545,319400,0.0,1.0
2007-12-31,46.0,46.25,45.84,45.99,11.4975,553600,0.0,1.0
2008-01-02,45.72,46.13,45.04,45.2,11.3,743900,0.0,1.0
2008-01-03,45.4,45.78,45.2,45.7,11.425,323000,0.0,1.0
2008-01-04,45.21,45.7,45.04,45.31,11.3275,392700,0.0,1.0
2008-01-07,45.46,45.78,45.21,45.33,11.3325,293500,0.0,1.0
2008-01-08,45.79,45.91,44.9,45.1,11.275,477800,0.0,1.0
2008-01-09,45.14,45.97,44.97,45.82,11.455,532100,0.0,1.0
2008-01-10,45.7,46.07,45.43,45.84,11.46,358800,0.0,1.0
2008-01-11,45.5,46.11,45.42,45.87,11.4675,312800,0.0,1.0
2008-01-14,46.01,46.59,45.82,46.44,11.61,269800,0.0,1.0
2008-01-15,46.1,46.76,45.97,46.5,11.625,401900,0.0,1.0
2008-01-16,46.53,47.36,46.47,47.13,11.7825,505000,0.0,1.0
2008-01-17,47.14,47.62,46.75,47.07,11.7675,508700,0.0,1.0
2008-01-18,47.22,47.35,46.39,46.51,11.6275,370800,0.0,1.0
2008-01-22,45.16,46.5,45.16,46.07,11.5175,414100,0.0,1.0
2008-01-23,45.42,46.31,45.04,46.23,11.5575,555800,0.0,1.0
2008-01-24,46.27,46.68,45.7,46.35,11.5875,396500,0.0,1.0
2008-01-25,46.29,46.58,45.65,45.69,11.4225,481600,0.0,1.0
2008-01-28,45.8,46.26,45.32,46.26,11.565,398100,0.0,1.0
2008-01-29,46.42,46.98,46.36,46.98,11.745,371900,0.0,1.0
2008-01-30,46.7,47.35,46.7,46.9,11.725,345200,0.0,1.0
2008-01-31,46.22,46.79,46.05,46.27,11.5675,471500,0.0,1.0
2008-02-01,46.3,47.07,46.21,46.45,11.6125,515300,0.0,1.0
2008-02-04,46.8399,47.57,46.3,46.99,11.7475,436100,0.0,1.0
2008-02-05,46.72,47.2,46.27,47.1,11.775,690200,0.0,1.0
2008-02-06,46.87,47.0,45.37,45.46,11.365,744800,0.0,1.0
2008-02-07,45.19,45.63,44.94,45.44,11.36,413800,0.0,1.0
2008-02-08,45.57,45.66,44.02,44.24,11.06,686000,0.0,1.0
2008-02-11,44.19,44.7,44.0,44.7,11.175,344400,0.0,1.0
2008-02-12,45.01,45.29,44.48,45.15,11.2875,338100,0.0,1.0
2008-02-13,45.43,45.9099,43.78,44.01,11.0025,870600,0.0,1.0
2008-02-14,43.98,44.34,42.53,42.59,10.6475,740800,0.0,1.0
2008-02-15,42.8,42.88,41.69,42.79,10.6975,763400,0.0,1.0
2008-02-19,43.14,43.26,42.5,42.63,10.6575,411100,0.0,1.0
2008-02-20,42.35,43.33,42.15,43.25,10.8125,579800,0.0,1.0
2008-02-21,43.45,43.53,42.96,43.05,10.7625,294300,0.0,1.0
2008-02-22,43.15,43.17,42.47,43.02,10.755,331700,0.0,1.0
2008-02-25,42.99,44.56,42.9,44.51,11.1275,472900,0.0,1.0
2008-02-26,44.59,44.7,44.03,44.46,11.115,407300,0.0,1.0
2008-02-27,44.26,44.52,44.05,44.26,11.065,350900,0.0,1.0
2008-02-28,44.1,44.54,44.01,44.1,11.025,387600,0.0,1.0
2008-02-29,43.79,43.91,43.33,43.61,10.9025,335500,0.0,1.0
2008-03-03,43.53,43.74,43.04,43.48,10.87,509300,0.0,1.0
2008-03-04,42.98,43.25,42.7,43.01,10.7525,747500,0.0,1.0
2008-03-05,42.94,43.36,42.85,42.97,10.7425,378500,0.0,1.0
2008-03-06,43.09,43.36,42.87,43.06,10.765,621900,0.0,1.0
2008-03-07,43.73,43.77,42.99,43.45,10.8625,1124200,0.0,1.0
2008-03-10,43.6,44.27,43.39,44.09,11.0225,770100,0.0,1.0
2008-03-11,44.23,44.25,43.61,43.98,10.995,492500,0.0,1.0
2008-03-12,44.01,44.65,43.91,44.2,11.05,288700,0.0,1.0
2008-03-13,43.83,44.3,43.45,44.12,11.03,379600,0.0,1.0
2008-03-14,44.3,44.45,43.49,44.01,11.0025,317500,0.0,1.0
2008-03-17,43.77,44.58,43.36,44.17,11.0425,397900,0.0,1.0
2008-03-18,44.99,46.06,44.92,45.99,11.4975,547300,0.0,1.0
2008-03-19,46.25,47.15,46.19,46.19,11.5475,854400,0.0,1.0
2008-03-20,46.09,46.26,45.19,45.6,11.4,548000,0.0,1.0
2008-03-24,45.59,46.59,45.59,46.43,11.6075,270100,0.0,1.0
2008-03-25,46.36,46.49,45.29,45.52,11.38,384800,0.0,1.0
2008-03-26,45.35,45.92,45.28,45.66,11.415,212300,0.0,1.0
2008-03-27,45.67,45.9,45.12,45.23,11.3075,297200,0.0,1.0
2008-03-28,45.46,45.52,44.74,44.86,11.215,308600,0.0,1.0
2008-03-31,44.66,44.79,43.86,44.55,11.1375,506300,0.0,1.0
2008-04-01,45.06,45.92,44.8,45.92,11.48,257700,0.0,1.0
2008-04-02,45.57,46.115,45.49,45.66,11.415,252900,0.0,1.0
2008-04-03,45.18,45.81,44.98,45.71,11.4275,203600,0.0,1.0
2008-04-04,45.51,45.92,45.31,45.79,11.4475,255900,0.0,1.0
2008-04-07,46.09,46.49,45.85,46.26,11.565,200900,0.0,1.0
2008-04-08,46.13,46.72,45.96,46.44,11.61,263300,0.0,1.0
2008-04-09,46.41,46.79,46.3,46.69,11.6725,534000,0.0,1.0
2008-04-10,46.4901,46.79,45.73,46.64,11.66,535100,0.0,1.0
2008-04-11,46.5,46.73,46.26,46.43,11.6075,525600,0.0,1.0
2008-04-14,46.24,46.47,46.0,46.39,11.5975,466800,0.0,1.0
2008-04-15,46.84,47.2,46.83,47.15,11.7875,460700,0.0,1.0
2008-04-16,47.3,47.88,47.17,47.8,11.95,315800,0.0,1.0
2008-04-17,47.75,47.75,47.2,47.59,11.8975,314600,0.0,1.0
2008-04-18,48.22,48.34,47.93,48.21,12.0525,211100,0.0,1.0
2008-04-21,47.92,48.11,47.56,48.01,12.0025,358900,0.0,1.0
2008-04-22,47.77,48.6,47.06,48.53,12.1325,528100,0.0,1.0
2008-04-23,55.49,57.33,52.25,54.91,13.7275,3104300,0.0,1.0
2008-04-24,54.23,55.97,54.23,55.55,13.8875,1177700,0.0,1.0
2008-04-25,55.58,56.68,55.3,56.01,14.0025,923000,0.0,1.0
2008-04-28,56.46,56.7,55.6,56.26,14.065,429300,0.0,1.0
2008-04-29,56.29,56.29,55.64,55.87,13.9675,396600,0.0,1.0
2008-04-30,55.4,56.06,55.4,55.42,13.855,418900,0.0,1.0
2008-05-01,55.38,56.46,55.26,56.26,14.065,465600,0.0,1.0
2008-05-02,56.57,57.07,54.96,55.55,13.8875,526900,0.0,1.0
2008-05-05,55.18,56.09,55.18,55.93,13.9825,266400,0.0,1.0
2008-05-06,55.8,55.93,55.42,55.64,13.91,379800,0.0,1.0
2008-05-07,55.5,56.39,55.1,55.54,13.885,354200,0.0,1.0
2008-05-08,56.21,56.25,55.43,55.98,13.995,382900,0.0,1.0
2008-05-09,55.85,56.08,55.42,55.81,13.9525,265300,0.0,1.0
2008-05-12,55.66,56.09,55.52,56.09,14.0225,323300,0.0,1.0
2008-05-13,56.09,56.1,55.65,55.76,13.94,302400,0.0,1.0
2008-05-14,55.73,56.86,55.43,56.46,14.115,547600,0.0,1.0
2008-05-15,57.44,57.74,56.35,56.42,14.105,581800,0.0,1.0
2008-05-16,56.57,56.71,56.11,56.62,14.155,279700,0.0,1.0
2008-05-19,56.55,56.89,56.37,56.57,14.1425,198900,0.0,1.0
2008-05-20,56.6,56.97,56.36,56.62,14.155,283800,0.0,1.0
2008-05-21,57.24,57.24,56.32,56.33,14.0825,249800,0.0,1.0
2008-05-22,56.85,57.44,56.28,56.3,14.075,570900,0.0,1.0
2008-05-23,56.02,56.02,54.79,55.61,13.9025,633600,0.0,1.0
2008-05-27,55.75,56.74,55.75,56.74,14.185,385100,0.0,1.0
2008-05-28,56.47,57.0,56.2,56.96,14.24,306700,0.0,1.0
2008-05-29,56.77,57.65,56.54,57.58,14.395,589600,0.0,1.0
2008-05-30,57.5,57.93,56.98,57.71,14.4275,704300,0.0,1.0
2008-06-02,57.71,58.16,57.05,57.79,14.4475,642900,0.0,1.0
2008-06-03,57.58,58.0,57.19,57.7,14.425,471700,0.0,1.0
2008-06-04,57.79,58.6,57.34,58.5,14.625,413900,0.0,1.0
2008-06-05,59.05,60.91,58.79,60.16,15.04,1122100,0.0,1.0
2008-06-06,59.95,60.2,59.51,59.67,14.9175,623400,0.0,1.0
2008-06-09,59.67,60.11,58.81,59.7,14.925,517200,0.0,1.0
2008-06-10,58.93,59.58,58.66,58.88,14.72,559200,0.0,1.0
2008-06-11,59.0,59.47,58.73,59.09,14.7725,511400,0.0,1.0
2008-06-12,59.21,60.18,59.21,59.81,14.9525,520200,0.0,1.0
2008-06-13,60.2,60.89,60.11,60.24,15.06,499100,0.0,1.0
2008-06-16,60.15,61.33,60.07,60.98,15.245,844600,0.0,1.0
2008-06-17,61.25,61.675,61.07,61.33,15.3325,627400,0.0,1.0
2008-06-18,61.51,61.56,60.5,60.89,15.2225,450600,0.0,1.0
2008-06-19,60.79,62.3,60.58,62.0,15.5,866100,0.0,1.0
2008-06-20,60.21,60.99,59.75,60.4,15.1,1348000,0.0,1.0
2008-06-23,60.44,61.55,60.27,61.34,15.335,1275000,0.0,1.0
2008-06-24,61.17,62.03,61.08,61.66,15.415,1036300,0.0,1.0
2008-06-25,62.0,63.49,61.89,62.91,15.7275,863900,0.0,1.0
2008-06-26,62.74,62.85,61.74,61.76,15.44,529200,0.0,1.0
2008-06-27,62.08,62.74,60.73,62.26,15.565,794400,0.0,1.0
2008-06-30,61.91,62.66,61.51,62.04,15.51,559700,0.0,1.0
2008-07-01,61.99,62.42,61.42,61.99,15.4975,1024900,0.0,1.0
2008-07-02,61.99,62.65,61.87,62.09,15.5225,666300,0.0,1.0
2008-07-03,62.15,62.24,61.05,61.16,15.29,215200,0.0,1.0
2008-07-07,61.58,62.0,60.7,61.28,15.32,595000,0.0,1.0
2008-07-08,61.23,62.34,61.23,62.27,15.5675,737600,0.0,1.0
2008-07-09,62.13,63.21,62.13,62.62,15.655,684800,0.0,1.0
2008-07-10,62.55,64.45,62.55,64.07,16.0175,1049500,0.0,1.0
2008-07-11,64.25,65.55,63.67,64.58,16.145,970200,0.0,1.0
2008-07-14,64.7,65.1,64.26,64.61,16.1525,850500,0.0,1.0
2008-07-15,63.89,65.82,63.89,65.17,16.2925,875300,0.0,1.0
2008-07-16,65.39,66.24,64.99,65.73,16.4325,700700,0.0,1.0
2008-07-17,65.97,66.46,65.7,66.07,16.5175,526500,0.0,1.0
2008-07-18,66.31,66.54,65.68,66.17,16.5425,1508000,0.0,1.0
2008-07-21,66.25,66.49,65.12,65.15,16.2875,771300,0.0,1.0
2008-07-22,65.15,65.71,64.5,65.25,16.3125,712000,0.0,1.0
2008-07-23,63.23,64.35,62.11,63.52,15.88,1398900,0.0,1.0
2008-07-24,63.51,64.0,62.76,62.93,15.7325,838800,0.0,1.0
2008-07-25,62.87,63.31,61.8,62.18,15.545,621400,0.0,1.0
2008-07-28,61.97,62.51,61.0,61.22,15.305,819300,0.0,1.0
2008-07-29,61.35,62.3,60.99,61.19,15.2975,734700,0.0,1.0
2008-07-30,61.56,62.32,61.08,62.06,15.515,555100,0.0,1.0
2008-07-31,61.93,63.13,61.6,62.68,15.67,777700,0.0,1.0
2008-08-01,62.68,62.86,62.02,62.25,15.5625,706100,0.0,1.0
2008-08-04,62.25,62.73,61.91,62.17,15.5425,465200,0.0,1.0
2008-08-05,62.18,64.21,62.18,63.7,15.925,885200,0.0,1.0
2008-08-06,63.51,64.56,63.23,63.52,15.88,1069000,0.0,1.0
2008-08-07,56.33,58.19,53.75,57.84,14.46,5941900,0.0,1.0
2008-08-08,57.56,59.43,57.56,59.05,14.7625,896000,0.0,1.0
2008-08-11,58.9,59.9,58.8,59.2,14.8,1053600,0.0,1.0
2008-08-12,59.16,59.23,58.25,58.99,14.7475,827300,0.0,1.0
2008-08-13,58.8,59.19,58.66,58.76,14.69,673200,0.0,1.0
2008-08-14,56.19,59.95,56.19,59.07,14.7675,616100,0.0,1.0
2008-08-15,59.19,59.71,58.77,58.85,14.7125,530300,0.0,1.0
2008-08-18,59.03,60.31,59.0,60.05,15.0125,568900,0.0,1.0
2008-08-19,59.91,60.289,59.7,59.97,14.9925,478900,0.0,1.0
2008-08-20,59.97,60.85,58.8,58.91,14.7275,501000,0.0,1.0
2008-08-21,58.74,60.06,58.69,59.52,14.88,444800,0.0,1.0
2008-08-22,59.79,60.78,59.79,60.56,15.14,577400,0.0,1.0
2008-08-25,59.9,59.9,58.6,58.8,14.7,510900,0.0,1.0
2008-08-26,58.9,59.1,57.85,58.46,14.615,473800,0.0,1.0
2008-08-27,58.5,59.41,57.99,59.11,14.7775,589400,0.0,1.0
2008-08-28,59.28,59.79,59.0,59.67,14.9175,437500,0.0,1.0
2008-08-29,59.67,60.13,59.05,59.21,14.8025,488500,0.0,1.0
2008-09-02,59.7,60.3,58.0275,58.24,14.56,613500,0.0,1.0
2008-09-03,59.0,61.31,57.76,58.22,14.555,784000,0.0,1.0
2008-09-04,57.88,58.33,56.7,56.98,14.245,368300,0.0,1.0
2008-09-05,57.16,57.38,55.93,56.39,14.0975,496400,0.0,1.0
2008-09-08,57.42,57.751,56.48,57.33,14.3325,422100,0.0,1.0
2008-09-09,56.97,57.49,56.65,57.19,14.2975,614800,0.0,1.0
2008-09-10,57.87,57.87,57.12,57.31,14.3275,291900,0.0,1.0
2008-09-11,57.14,58.03,56.41,57.72,14.43,529000,0.0,1.0
2008-09-12,57.34,57.86,56.58,57.0,14.25,785700,0.0,1.0
2008-09-15,54.78,57.65,54.7,56.71,14.1775,1339700,0.0,1.0
2008-09-16,56.31,57.52,55.13,57.12,14.28,672500,0.0,1.0
2008-09-17,56.15,57.32,55.78,56.54,14.135,739300,0.0,1.0
2008-09-18,56.49,59.98,55.97,59.58,14.895,1560900,0.0,1.0
2008-09-19,62.39,66.99,59.05,60.21,15.0525,1142600,0.0,1.0
2008-09-22,60.17,60.32,58.8,59.07,14.7675,408500,0.0,1.0
2008-09-23,59.17,59.98,59.07,59.6,14.9,367400,0.0,1.0
2008-09-24,59.47,59.815,58.59,58.83,14.7075,461400,0.0,1.0
2008-09-25,58.83,60.0,58.64,59.21,14.8025,564000,0.0,1.0
2008-09-26,58.62,59.32,58.27,58.46,14.615,353900,0.0,1.0
2008-09-29,58.08,58.69,56.4,57.11,14.2775,623700,0.0,1.0
2008-09-30,57.72,58.05,56.65,57.76,14.44,670900,0.0,1.0
2008-10-01,57.98,58.54,57.25,58.15,14.5375,302400,0.0,1.0
2008-10-02,57.945,58.41,57.07,57.6,14.4,321800,0.0,1.0
2008-10-03,58.2,58.56,56.69,57.09,14.2725,495700,0.0,1.0
2008-10-06,56.44,56.47,53.95,55.12,13.78,909900,0.0,1.0
2008-10-07,55.6,56.84,54.25,54.25,13.5625,693000,0.0,1.0
2008-10-08,53.28,54.87,52.25,53.51,13.3775,954500,0.0,1.0
2008-10-09,53.87,54.08,50.55,51.07,12.7675,876200,0.0,1.0
2008-10-10,50.0,50.68,46.41,49.5,12.375,1367600,0.0,1.0
2008-10-13,51.12,55.86,49.8,55.7,13.925,1206000,0.0,1.0
2008-10-14,56.95,57.45,53.87,54.0,13.5,1018800,0.0,1.0
2008-10-15,53.55,53.69,48.67,48.67,12.1675,1077100,0.0,1.0
2008-10-16,48.82,50.53,46.25,50.16,12.54,1111000,0.0,1.0
2008-10-17,49.66,52.01,48.97,50.33,12.5825,531300,0.0,1.0
2008-10-20,51.12,53.23,50.71,53.22,13.305,580800,0.0,1.0
2008-10-21,53.21,54.71,52.45,54.03,13.5075,596100,0.0,1.0
2008-10-22,51.85,51.85,48.26,49.74,12.435,2004000,0.0,1.0
2008-10-23,49.78,51.87,49.375,51.11,12.7775,1039600,0.0,1.0
2008-10-24,49.25,51.33,49.25,50.94,12.735,792700,0.0,1.0
2008-10-27,50.39,51.0,48.6,48.91,12.2275,1158800,0.0,1.0
2008-10-28,49.8,51.23,48.49,51.21,12.8025,758400,0.0,1.0
2008-10-29,51.1,52.57,50.7,51.65,12.9125,489600,0.0,1.0
2008-10-30,52.48,52.99,51.14,52.27,13.0675,541300,0.0,1.0
2008-10-31,52.21,53.78,51.96,52.84,13.21,353100,0.0,1.0
2008-11-03,52.63,53.93,52.47,53.77,13.4425,288700,0.0,1.0
2008-11-04,54.0,54.25,53.17,54.09,13.5225,540900,0.0,1.0
2008-11-05,53.65,54.73,53.23,53.8,13.45,497600,0.0,1.0
2008-11-06,53.6,54.2,52.73,52.73,13.1825,438500,0.0,1.0
2008-11-07,53.25,53.9495,53.01,53.25,13.3125,258200,0.0,1.0
2008-11-10,54.07,54.8,53.04,53.39,13.3475,318300,0.0,1.0
2008-11-11,53.09,55.14,52.8,53.98,13.495,372700,0.0,1.0
2008-11-12,53.29,54.3,53.29,53.75,13.4375,521500,0.0,1.0
2008-11-13,54.13,54.82,51.718,54.82,13.705,698900,0.0,1.0
2008-11-14,54.0,55.43,53.12,53.31,13.3275,530300,0.0,1.0
2008-11-17,53.0,53.3,51.93,51.95,12.9875,319800,0.0,1.0
2008-11-18,51.5,52.82,49.15,50.49,12.6225,630700,0.0,1.0
2008-11-19,50.0,50.97,47.93,47.93,11.9825,490600,0.0,1.0
2008-11-20,47.6,48.11,44.755,45.0,11.25,660500,0.0,1.0
2008-11-21,45.97,48.59,44.87,48.59,12.1475,1368300,0.0,1.0
2008-11-24,48.84,50.35,48.0856,50.04,12.51,647900,0.0,1.0
2008-11-25,50.55,50.78,48.46,49.0,12.25,2612800,0.0,1.0
2008-11-26,48.6,50.57,47.87,50.3,12.575,498700,0.0,1.0
2008-11-28,49.88,50.42,49.33,49.77,12.4425,192200,0.0,1.0
2008-12-01,48.75,48.82,47.13,47.7,11.925,584600,0.0,1.0
2008-12-02,48.16,48.4,47.22,47.84,11.96,1067900,0.0,1.0
2008-12-03,47.25,48.8,46.84,48.4,12.1,645100,0.0,1.0
2008-12-04,47.99,48.03,45.95,46.7,11.675,615500,0.0,1.0
2008-12-05,46.31,48.47,45.86,48.47,12.1175,411700,0.0,1.0
2008-12-08,49.26,50.15,48.09,48.96,12.24,502600,0.0,1.0
2008-12-09,48.8,48.93,46.97,47.21,11.8025,552700,0.0,1.0
2008-12-10,47.41,47.81,45.06,46.44,11.61,765400,0.0,1.0
2008-12-11,46.29,48.25,46.12,46.65,11.6625,781000,0.0,1.0
2008-12-12,45.65,48.74,45.65,48.57,12.1425,892700,0.0,1.0
2008-12-15,48.59,50.68,48.34,50.33,12.5825,721200,0.0,1.0
2008-12-16,50.67,51.88,50.41,51.86,12.965,565800,0.0,1.0
2008-12-17,51.08,53.17,50.69,52.44,13.11,526900,0.0,1.0
2008-12-18,52.73,53.99,52.27,52.95,13.2375,373800,0.0,1.0
2008-12-19,53.15,53.65,52.44,53.13,13.2825,603600,0.0,1.0
2008-12-22,52.66,54.44,52.64,53.95,13.4875,572600,0.0,1.0
2008-12-23,54.76,55.43,53.785,54.37,13.5925,458000,0.0,1.0
2008-12-24,54.21,54.56,53.74,54.28,13.57,76900,0.0,1.0
2008-12-26,54.28,54.57,53.57,54.01,13.5025,223300,0.0,1.0
2008-12-29,54.0,54.0,52.32,53.26,13.315,334400,0.0,1.0
2008-12-30,53.62,54.84,53.62,54.78,13.695,288100,0.0,1.0
2008-12-31,54.71,57.53,54.71,54.95,13.7375,399200,0.0,1.0
2009-01-02,54.29,56.26,54.05,55.99,13.9975,421700,0.0,1.0
2009-01-05,55.94,56.2,54.17,54.92,13.73,413500,0.0,1.0
2009-01-06,55.02,55.28,54.28,54.78,13.695,534600,0.0,1.0
2009-01-07,53.98,55.69,53.92,54.97,13.7425,359800,0.0,1.0
2009-01-08,54.71,55.85,54.56,55.45,13.8625,629000,0.0,1.0
2009-01-09,55.45,56.34,54.63,55.66,13.915,684800,0.0,1.0
2009-01-12,55.66,55.99,54.53,54.89,13.7225,344700,0.0,1.0
2009-01-13,54.96,55.45,54.58,55.03,13.7575,554300,0.0,1.0
2009-01-14,54.43,55.74,54.43,55.53,13.8825,572600,0.0,1.0
2009-01-15,55.53,57.1,55.17,56.6,14.15,811500,0.0,1.0
2009-01-16,57.44,57.86,56.83,57.32,14.33,509600,0.0,1.0
2009-01-20,57.0,57.77,55.26,55.28,13.82,850100,0.0,1.0
2009-01-21,55.65,57.0,55.545,56.92,14.23,459600,0.0,1.0
2009-01-22,56.3,57.15,55.56,56.75,14.1875,611800,0.0,1.0
2009-01-23,56.22,57.06,55.6101,56.86,14.215,359400,0.0,1.0
2009-01-26,57.0,57.8,56.95,57.08,14.27,348800,0.0,1.0
2009-01-27,57.44,58.5,57.3,57.97,14.4925,392100,0.0,1.0
2009-01-28,58.5,58.5,56.99,57.53,14.3825,512700,0.0,1.0
2009-01-29,57.28,57.98,57.1701,57.56,14.39,438400,0.0,1.0
2009-01-30,57.88,58.11,57.3,57.49,14.3725,399600,0.0,1.0
2009-02-02,57.06,57.8,56.96,57.32,14.33,610100,0.0,1.0
2009-02-03,57.31,57.93,56.58,57.4,14.35,622900,0.0,1.0
2009-02-04,57.6,60.358,56.65,60.01,15.0025,1033100,0.0,1.0
2009-02-05,59.5,60.41,59.3,60.14,15.035,598700,0.0,1.0
2009-02-06,59.99,61.2,59.68,61.1,15.275,543200,0.0,1.0
2009-02-09,61.12,61.98,60.51,61.8,15.45,514600,0.0,1.0
2009-02-10,61.29,61.76,60.72,61.1,15.275,514500,0.0,1.0
2009-02-11,61.19,61.98,60.72,61.69,15.4225,460500,0.0,1.0
2009-02-12,61.02,62.12,60.62,62.09,15.5225,414700,0.0,1.0
2009-02-13,61.9,63.18,61.56,62.93,15.7325,521700,0.0,1.0
2009-02-17,61.74,62.22,60.5,61.73,15.4325,616000,0.0,1.0
2009-02-18,61.86,62.36,61.0,61.48,15.37,655000,0.0,1.0
2009-02-19,61.79,61.94,61.25,61.58,15.395,479300,0.0,1.0
2009-02-20,60.76,62.03,59.81,61.1,15.275,548200,0.0,1.0
2009-02-23,61.53,61.64,57.74,58.15,14.5375,1347400,0.0,1.0
2009-02-24,58.53,60.27,58.52,60.11,15.0275,753900,0.0,1.0
2009-02-25,60.07,60.54,59.58,59.67,14.9175,693700,0.0,1.0
2009-02-26,60.0,60.49,57.69,57.93,14.4825,667600,0.0,1.0
2009-02-27,55.5,57.43,55.03,55.61,13.9025,1018300,0.0,1.0
2009-03-02,54.79,55.07,53.24,53.32,13.33,677800,0.0,1.0
2009-03-03,53.55,54.1,52.95,53.12,13.28,969900,0.0,1.0
2009-03-04,53.73,55.28,53.12,54.52,13.63,788300,0.0,1.0
2009-03-05,53.86,54.76,52.86,53.4,13.35,565000,0.0,1.0
2009-03-06,53.88,54.93,53.4,54.89,13.7225,836100,0.0,1.0
2009-03-09,54.32,54.87,54.05,54.56,13.64,650700,0.0,1.0
2009-03-10,55.05,55.862,54.93,55.72,13.93,540400,0.0,1.0
2009-03-11,55.77,56.6,55.38,56.25,14.0625,773700,0.0,1.0
2009-03-12,56.12,59.24,56.1,59.07,14.7675,945700,0.0,1.0
2009-03-13,59.25,61.54,59.25,61.4,15.35,759300,0.0,1.0
2009-03-16,61.91,61.91,60.49,60.61,15.1525,891900,0.0,1.0
2009-03-17,60.39,61.65,60.0,61.65,15.4125,482000,0.0,1.0
2009-03-18,61.51,62.73,61.4,61.8,15.45,541800,0.0,1.0
2009-03-19,62.56,62.79,61.0,61.38,15.345,448200,0.0,1.0
2009-03-20,61.83,62.42,60.64,60.88,15.22,580200,0.0,1.0
2009-03-23,61.17,62.07,60.01,61.9,15.475,536600,0.0,1.0
2009-03-24,61.24,62.2,60.92,61.21,15.3025,554700,0.0,1.0
2009-03-25,61.44,62.42,60.48,61.52,15.38,481400,0.0,1.0
2009-03-26,62.0,63.11,61.43,63.08,15.77,765200,0.0,1.0
2009-03-27,62.3,63.5,61.972,62.47,15.6175,461500,0.0,1.0
2009-03-30,61.38,62.0639,60.5,61.06,15.265,561300,0.0,1.0
2009-03-31,60.93,61.32,60.36,60.63,15.1575,563100,0.0,1.0
2009-04-01,59.89,60.2,58.82,60.06,15.015,593600,0.0,1.0
2009-04-02,61.13,61.3,59.41,59.6,14.9,540500,0.0,1.0
2009-04-03,59.58,59.6,57.52,58.12,14.53,489100,0.0,1.0
2009-04-06,56.33,58.67,56.33,58.02,14.505,504500,0.0,1.0
2009-04-07,57.53,58.68,57.26,57.72,14.43,490300,0.0,1.0
2009-04-08,57.82,58.89,57.76,58.4,14.6,403700,0.0,1.0
2009-04-09,59.57,59.57,58.51,58.77,14.6925,302900,0.0,1.0
2009-04-13,58.77,59.72,58.77,59.5,14.875,521000,0.0,1.0
2009-04-14,59.08,59.36,58.69,58.99,14.7475,387100,0.0,1.0
2009-04-15,58.67,59.53,58.18,58.63,14.6575,290400,0.0,1.0
2009-04-16,58.8,59.35,57.75,59.07,14.7675,396500,0.0,1.0
2009-04-17,59.21,59.83,58.8,59.74,14.935,289800,0.0,1.0
2009-04-20,59.12,60.13,58.76,59.04,14.76,326100,0.0,1.0
2009-04-21,59.02,59.63,58.22,58.4,14.6,338800,0.0,1.0
2009-04-22,58.23,58.39,57.27,57.27,14.3175,468000,0.0,1.0
2009-04-23,57.46,57.6,56.4,56.6,14.15,732200,0.0,1.0
2009-04-24,56.8,57.49,55.82,57.08,14.27,613700,0.0,1.0
2009-04-27,56.79,58.81,56.79,57.77,14.4425,866700,0.0,1.0
2009-04-28,59.28,65.29,59.0,64.62,16.155,2029900,0.0,1.0
2009-04-29,64.67,65.0,63.57,64.05,16.0125,888200,0.0,1.0
2009-04-30,63.84,64.29,62.91,63.38,15.845,1034000,0.0,1.0
2009-05-01,63.21,64.24,62.19,64.11,16.0275,581700,0.0,1.0
2009-05-04,64.25,64.49,63.2,63.83,15.9575,498500,0.0,1.0
2009-05-05,63.24,64.1,63.15,63.72,15.93,302000,0.0,1.0
2009-05-06,64.0,64.0,62.65,62.94,15.735,350300,0.0,1.0
2009-05-07,63.52,63.942,63.04,63.49,15.8725,613900,0.0,1.0
2009-05-08,63.6,63.78,58.82,63.27,15.8175,551100,0.0,1.0
2009-05-11,62.5,63.47,62.22,62.92,15.73,329500,0.0,1.0
2009-05-12,62.63,63.44,62.03,62.8,15.7,334500,0.0,1.0
2009-05-13,62.14,62.99,61.64,62.48,15.62,408700,0.0,1.0
2009-05-14,62.44,63.23,61.62,62.43,15.6075,405700,0.0,1.0
2009-05-15,62.48,63.24,61.5,62.77,15.6925,522900,0.0,1.0
2009-05-18,62.85,63.0,61.59,62.75,15.6875,422700,0.0,1.0
2009-05-19,62.88,64.21,62.88,64.0,16.0,611800,0.0,1.0
2009-05-20,64.26,64.61,62.5,62.64,15.66,623000,0.0,1.0
2009-05-21,62.28,63.38,61.73,62.36,15.59,489900,0.0,1.0
2009-05-22,62.43,63.35,62.29,62.86,15.715,280900,0.0,1.0
2009-05-26,62.105,64.25,61.97,64.0,16.0,708000,0.0,1.0
2009-05-27,64.2,64.2,63.2,63.36,15.84,384200,0.0,1.0
2009-05-28,64.09,64.175,63.02,63.5,15.875,424200,0.0,1.0
2009-05-29,63.85,64.0,62.45,63.84,15.96,1473800,0.0,1.0
2009-06-01,64.28,65.82,64.28,65.51,16.3775,451200,0.0,1.0
2009-06-02,65.51,66.59,64.76,66.45,16.6125,471300,0.0,1.0
2009-06-03,65.76,66.84,65.76,66.44,16.61,379900,0.0,1.0
2009-06-04,66.42,66.59,63.75,64.74,16.185,382300,0.0,1.0
2009-06-05,65.02,65.02,63.82,64.62,16.155,339900,0.0,1.0
2009-06-08,64.2,64.43,62.41,62.91,15.7275,382500,0.0,1.0
2009-06-09,62.66,64.82,62.66,64.4,16.1,396500,0.0,1.0
2009-06-10,64.4,64.68,63.23,63.97,15.9925,330400,0.0,1.0
2009-06-11,63.77,66.11,63.57,65.39,16.3475,393100,0.0,1.0
2009-06-12,65.05,66.59,64.4,66.14,16.535,396100,0.0,1.0
2009-06-15,65.51,65.65,64.01,64.09,16.0225,454800,0.0,1.0
2009-06-16,64.58,65.02,63.74,64.09,16.0225,311200,0.0,1.0
2009-06-17,64.5,66.25,64.3,65.88,16.47,388500,0.0,1.0
2009-06-18,65.77,67.44,65.26,67.24,16.81,325500,0.0,1.0
2009-06-19,67.99,68.23,67.2,67.36,16.84,327900,0.0,1.0
2009-06-22,67.17,67.23,65.65,65.65,16.4125,299600,0.0,1.0
2009-06-23,65.42,65.83,64.86,65.13,16.2825,214100,0.0,1.0
2009-06-24,65.71,66.83,64.91,66.16,16.54,422700,0.0,1.0
2009-06-25,65.98,67.82,65.81,67.49,16.8725,405400,0.0,1.0
2009-06-26,67.44,67.6,66.42,67.25,16.8125,375300,0.0,1.0
2009-06-29,67.5,67.75,66.54,67.14,16.785,234800,0.0,1.0
2009-06-30,66.9,68.08,66.55,68.03,17.0075,429600,0.0,1.0
2009-07-01,68.16,68.17,66.76,67.04,16.76,490300,0.0,1.0
2009-07-02,66.7,66.74,65.8,66.15,16.5375,285500,0.0,1.0
2009-07-06,65.92,66.8,65.8,66.12,16.53,237200,0.0,1.0
2009-07-07,65.595,66.5,65.19,65.28,16.32,215400,0.0,1.0
2009-07-08,65.8,66.53,65.66,66.09,16.5225,247500,0.0,1.0
2009-07-09,66.3,66.3,64.8,65.4,16.35,289800,0.0,1.0
2009-07-10,65.41,66.49,65.33,65.93,16.4825,230900,0.0,1.0
2009-07-13,65.79,66.21,64.7,66.13,16.5325,146100,0.0,1.0
2009-07-14,65.9,66.56,65.75,66.33,16.5825,255200,0.0,1.0
2009-07-15,66.28,67.17,66.28,66.87,16.7175,177600,0.0,1.0
2009-07-16,66.92,68.0,66.4,67.64,16.91,168500,0.0,1.0
2009-07-17,67.84,68.05,67.29,68.0,17.0,266100,0.0,1.0
2009-07-20,68.28,68.28,66.55,68.11,17.0275,482400,0.0,1.0
2009-07-21,65.4,66.25,64.03,66.04,16.51,1053300,0.0,1.0
2009-07-22,66.0,66.7,65.12,65.4,16.35,534700,0.0,1.0
2009-07-23,65.47,67.07,65.47,66.18,16.545,629700,0.0,1.0
2009-07-24,66.03,67.3,65.62,67.25,16.8125,275800,0.0,1.0
2009-07-27,67.0,67.75,66.0,66.44,16.61,251600,0.0,1.0
2009-07-28,65.97,66.99,64.55,65.89,16.4725,383200,0.0,1.0
2009-07-29,65.79,67.08,65.77,66.97,16.7425,456700,0.0,1.0
2009-07-30,67.46,67.46,64.63,65.26,16.315,555300,0.0,1.0
2009-07-31,65.36,66.13,65.33,65.41,16.3525,334400,0.0,1.0
2009-08-03,65.54,65.75,64.6,64.94,16.235,392100,0.0,1.0
2009-08-04,64.88,65.78,64.51,64.93,16.2325,232500,0.0,1.0
2009-08-05,65.25,65.36,63.402,63.81,15.9525,257900,0.0,1.0
2009-08-06,63.78,64.02,63.0,63.44,15.86,531800,0.0,1.0
2009-08-07,64.21,64.33,63.65,63.84,15.96,346200,0.0,1.0
2009-08-10,63.79,64.5,63.64,64.13,16.0325,464500,0.0,1.0
2009-08-11,64.68,65.5,64.01,65.31,16.3275,309800,0.0,1.0
2009-08-12,64.8,65.43,64.57,64.85,16.2125,407900,0.0,1.0
2009-08-13,64.88,64.98,64.09,64.66,16.165,385000,0.0,1.0
2009-08-14,64.41,64.85,63.49,64.23,16.0575,301200,0.0,1.0
2009-08-17,63.44,64.32,63.26,63.48,15.87,311600,0.0,1.0
2009-08-18,64.18,64.18,62.5,62.89,15.7225,319500,0.0,1.0
2009-08-19,62.7,63.35,62.61,63.14,15.785,356800,0.0,1.0
2009-08-20,63.44,63.76,62.54,63.68,15.92,329700,0.0,1.0
2009-08-21,63.84,64.48,63.48,64.05,16.0125,365900,0.0,1.0
2009-08-24,63.9,64.15,63.42,63.63,15.9075,190200,0.0,1.0
2009-08-25,64.22,64.5,63.35,63.68,15.92,287900,0.0,1.0
2009-08-26,63.43,64.23,63.01,63.08,15.77,347300,0.0,1.0
2009-08-27,63.2,63.65,63.0,63.46,15.865,258500,0.0,1.0
2009-08-28,63.56,63.67,61.72,62.12,15.53,499400,0.0,1.0
2009-08-31,61.56,62.38,61.05,61.88,15.47,575500,0.0,1.0
2009-09-01,61.53,62.15,60.9,61.68,15.42,485500,0.0,1.0
2009-09-02,61.86,62.78,61.7,62.6,15.65,367400,0.0,1.0
2009-09-03,62.59,62.84,62.0,62.83,15.7075,211000,0.0,1.0
2009-09-04,63.19,63.66,62.59,63.63,15.9075,264900,0.0,1.0
2009-09-08,64.06,65.0,63.03,64.16,16.04,603800,0.0,1.0
2009-09-09,64.5,65.36,64.14,64.89,16.2225,327900,0.0,1.0
2009-09-10,64.6,65.52,64.34,65.52,16.38,264400,0.0,1.0
2009-09-11,66.005,66.6,65.52,66.01,16.5025,299400,0.0,1.0
2009-09-14,66.17,67.02,66.0,67.02,16.755,322400,0.0,1.0
2009-09-15,66.73,66.95,65.73,65.76,16.44,332300,0.0,1.0
2009-09-16,67.45,67.99,67.09,67.48,16.87,664800,0.0,1.0
2009-09-17,67.8,67.99,67.05,67.37,16.8425,336200,0.0,1.0
2009-09-18,67.5,67.63,66.74,67.26,16.815,394600,0.0,1.0
2009-09-21,66.71,67.68,66.71,67.65,16.9125,225100,0.0,1.0
2009-09-22,67.95,68.24,67.1,67.71,16.9275,346000,0.0,1.0
2009-09-23,68.32,68.32,67.09,67.35,16.8375,315200,0.0,1.0
2009-09-24,67.63,67.89,67.06,67.74,16.935,401800,0.0,1.0
2009-09-25,69.24,70.44,68.97,69.08,17.27,554700,0.0,1.0
2009-09-28,69.28,70.43,68.81,69.82,17.455,309500,0.0,1.0
2009-09-29,70.18,70.26,69.2,69.91,17.4775,238600,0.0,1.0
2009-09-30,70.28,70.41,68.8,69.91,17.4775,357100,0.0,1.0
2009-10-01,70.07,70.12,68.51,68.99,17.2475,329700,0.0,1.0
2009-10-02,68.55,69.26,67.95,68.4,17.1,200000,0.0,1.0
2009-10-05,68.78,69.21,67.65,69.03,17.2575,344400,0.0,1.0
2009-10-06,68.23,69.31,67.912,69.02,17.255,203700,0.0,1.0
2009-10-07,69.45,69.45,68.65,69.05,17.2625,195300,0.0,1.0
2009-10-08,69.37,70.0,69.08,69.96,17.49,440200,0.0,1.0
2009-10-09,70.3,71.43,69.65,71.38,17.845,325300,0.0,1.0
2009-10-12,71.1,71.1,69.83,69.94,17.485,243200,0.0,1.0
2009-10-13,69.61,70.29,69.34,69.6,17.4,249100,0.0,1.0
2009-10-14,69.9,70.28,69.31,69.6,17.4,490400,0.0,1.0
2009-10-15,69.6,70.2,69.37,70.2,17.55,292200,0.0,1.0
2009-10-16,70.06,71.65,69.8708,71.58,17.895,380600,0.0,1.0
2009-10-19,71.43,72.24,71.43,72.11,18.0275,357900,0.0,1.0
2009-10-20,72.34,72.45,71.22,71.63,17.9075,552500,0.0,1.0
2009-10-21,72.11,72.25,70.82,71.1,17.775,385200,0.0,1.0
2009-10-22,73.4,76.2,72.0,76.04,19.01,1429800,0.0,1.0
2009-10-23,75.97,76.12,75.4,76.0,19.0,551200,0.0,1.0
2009-10-26,76.11,77.0,75.58,76.39,19.0975,574000,0.0,1.0
2009-10-27,76.25,77.18,76.05,76.15,19.0375,608400,0.0,1.0
2009-10-28,77.74,78.6,76.7,77.0,19.25,755700,0.0,1.0
2009-10-29,76.97,77.85,76.4,77.75,19.4375,560500,0.0,1.0
2009-10-30,77.76,77.9,76.81,76.94,19.235,575000,0.0,1.0
2009-11-02,77.4,78.065,77.14,77.83,19.4575,539900,0.0,1.0
2009-11-03,77.75,77.79,76.96,77.6,19.4,385200,0.0,1.0
2009-11-04,77.71,78.79,77.38,78.27,19.5675,402300,0.0,1.0
2009-11-05,78.5,79.75,78.28,79.74,19.935,443200,0.0,1.0
2009-11-06,79.65,80.35,79.1,79.97,19.9925,428100,0.0,1.0
2009-11-09,80.12,80.47,79.9,80.4,20.1,422500,0.0,1.0
2009-11-10,80.54,80.9,80.0,80.58,20.145,223200,0.0,1.0
2009-11-11,80.9,80.9,80.11,80.75,20.1875,203500,0.0,1.0
2009-11-12,80.9,81.39,80.11,80.49,20.1225,234700,0.0,1.0
2009-11-13,80.9,81.0,80.39,80.64,20.16,195900,0.0,1.0
2009-11-16,81.25,81.62,80.38,81.2,20.3,313900,0.0,1.0
2009-11-17,80.65,81.35,80.6201,81.19,20.2975,249500,0.0,1.0
2009-11-18,80.9,81.9,80.54,81.8,20.45,295600,0.0,1.0
2009-11-19,81.66,81.99,80.5,81.13,20.2825,227500,0.0,1.0
2009-11-20,81.06,81.39,80.8,81.25,20.3125,253200,0.0,1.0
2009-11-23,81.32,82.13,80.95,81.26,20.315,251100,0.0,1.0
2009-11-24,81.5,82.45,81.123,82.25,20.5625,233400,0.0,1.0
2009-11-25,82.55,83.09,82.3,82.77,20.6925,177800,0.0,1.0
2009-11-27,81.4,83.04,80.0,82.52,20.63,203100,0.0,1.0
2009-11-30,82.33,82.48,81.57,82.28,20.57,212400,0.0,1.0
2009-12-01,82.31,82.88,82.08,82.28,20.57,331600,0.0,1.0
2009-12-02,82.33,83.17,82.15,82.56,20.64,262000,0.0,1.0
2009-12-03,82.39,83.43,82.39,82.56,20.64,263000,0.0,1.0
2009-12-04,83.35,83.92,83.04,83.33,20.8325,231900,0.0,1.0
2009-12-07,83.03,83.52,82.44,82.94,20.735,277800,0.0,1.0
2009-12-08,83.02,83.95,82.44,83.06,20.765,326200,0.0,1.0
2009-12-09,83.6,83.73,82.71,83.08,20.77,332900,0.0,1.0
2009-12-10,84.48,86.63,83.7,85.86,21.465,742100,0.0,1.0
2009-12-11,87.16,87.6299,85.72,85.94,21.485,789500,0.0,1.0
2009-12-14,85.94,86.94,85.68,86.02,21.505,318800,0.0,1.0
2009-12-15,86.07,86.54,85.1,85.81,21.4525,500400,0.0,1.0
2009-12-16,85.835,86.29,85.15,85.24,21.31,177000,0.0,1.0
2009-12-17,85.15,85.53,84.54,84.89,21.2225,234900,0.0,1.0
2009-12-18,84.91,85.36,83.61,85.29,21.3225,642800,0.0,1.0
2009-12-21,85.87,86.55,85.54,86.34,21.585,223600,0.0,1.0
2009-12-22,86.17,87.37,86.17,87.28,21.82,190100,0.0,1.0
2009-12-23,87.47,87.79,87.18,87.44,21.86,140800,0.0,1.0
2009-12-24,87.28,87.64,87.12,87.61,21.9025,138400,0.0,1.0
2009-12-28,87.86,87.88,87.31,87.78,21.945,258200,0.0,1.0
2009-12-29,87.62,88.25,87.37,87.76,21.94,264200,0.0,1.0
2009-12-30,87.84,88.08,87.3111,87.54,21.885,144300,0.0,1.0
2009-12-31,87.7,87.94,86.66,86.85,21.7125,156300,0.0,1.0
2010-01-04,87.67,88.4,87.14,87.47,21.8675,257700,0.0,1.0
2010-01-05,87.2,88.1,87.15,88.1,22.025,232300,0.0,1.0
2010-01-06,88.29,89.47,87.71,89.07,22.2675,250800,0.0,1.0
2010-01-07,89.54,90.1,88.61,89.88,22.47,225200,0.0,1.0
2010-01-08,90.64,90.83,89.32,89.48,22.37,297900,0.0,1.0
2010-01-11,90.0,91.46,89.85,91.43,22.8575,369800,0.0,1.0
2010-01-12,91.0,91.8,90.5,91.75,22.9375,433800,0.0,1.0
2010-01-13,92.0,92.68,91.42,92.11,23.0275,233500,0.0,1.0
2010-01-14,92.33,92.57,92.03,92.42,23.105,261900,0.0,1.0
2010-01-15,92.6,92.6,90.68,91.59,22.8975,405200,0.0,1.0
2010-01-19,91.72,93.06,91.7,93.05,23.2625,288300,0.0,1.0
2010-01-20,92.9,94.08,92.3,93.95,23.4875,392100,0.0,1.0
2010-01-21,94.41,94.55,93.26,94.07,23.5175,419100,0.0,1.0
2010-01-22,93.84,93.84,90.7,90.92,22.73,579700,0.0,1.0
2010-01-25,90.91,92.42,89.99,91.82,22.955,422000,0.0,1.0
2010-01-26,91.19,92.24,91.17,91.68,22.92,180500,0.0,1.0
2010-01-27,91.37,91.97,91.0,91.56,22.89,192900,0.0,1.0
2010-01-28,91.43,92.74,90.39,90.54,22.635,347200,0.0,1.0
2010-01-29,91.17,91.2,89.62,89.62,22.405,361900,0.0,1.0
2010-02-01,89.6,90.53,89.0,90.23,22.5575,217600,0.0,1.0
2010-02-02,90.57,93.16,90.08,93.03,23.2575,286400,0.0,1.0
2010-02-03,93.02,93.9,92.25,92.44,23.11,397500,0.0,1.0
2010-02-04,92.21,92.49,89.38,89.66,22.415,626200,0.0,1.0
2010-02-05,88.44,89.88,85.25,89.72,22.43,1416100,0.0,1.0
2010-02-08,89.605,89.605,86.96,87.05,21.7625,808800,0.0,1.0
2010-02-09,88.0,88.25,85.61,86.65,21.6625,725100,0.0,1.0
2010-02-10,86.11,86.45,84.61,85.81,21.4525,509100,0.0,1.0
2010-02-11,85.5,86.5,85.08,86.35,21.5875,576500,0.0,1.0
2010-02-12,86.17,87.33,85.975,87.33,21.8325,349300,0.0,1.0
2010-02-16,87.46,88.13,86.26,88.11,22.0275,443400,0.0,1.0
2010-02-17,88.56,89.9099,88.11,89.81,22.4525,384900,0.0,1.0
2010-02-18,89.94,90.74,89.42,90.68,22.67,463000,0.0,1.0
2010-02-19,90.79,91.25,89.99,90.5,22.625,447500,0.0,1.0
2010-02-22,91.06,91.469,90.174,91.37,22.8425,502000,0.0,1.0
2010-02-23,91.47,91.47,89.91,90.16,22.54,634900,0.0,1.0
2010-02-24,90.88,91.07,90.4,91.01,22.7525,601700,0.0,1.0
2010-02-25,90.18,91.26,89.7,91.26,22.815,681300,0.0,1.0
2010-02-26,91.5,91.96,90.79,91.83,22.9575,849100,0.0,1.0
2010-03-01,91.86,93.75,90.03,93.63,23.4075,526200,0.0,1.0
2010-03-02,94.02,95.13,93.94,95.13,23.7825,458600,0.0,1.0
2010-03-03,95.34,95.48,94.56,95.46,23.865,453500,0.0,1.0
2010-03-04,95.75,95.93,95.4,95.81,23.9525,376900,0.0,1.0
2010-03-05,95.94,96.94,95.68,96.93,24.2325,310900,0.0,1.0
2010-03-08,96.94,97.25,96.616,96.78,24.195,231300,0.0,1.0
2010-03-09,96.84,97.17,95.98,96.35,24.0875,196100,0.0,1.0
2010-03-10,96.15,97.26,96.15,97.18,24.295,247300,0.0,1.0
2010-03-11,97.07,97.23,95.22,97.21,24.3025,241300,0.0,1.0
2010-03-12,97.59,97.88,96.56,97.85,24.4625,209700,0.0,1.0
2010-03-15,97.55,99.615,95.88,98.78,24.695,422700,0.0,1.0
2010-03-16,99.47,99.5,97.96,98.73,24.6825,221900,0.0,1.0
2010-03-17,99.0,99.0,98.15,98.43,24.6075,200700,0.0,1.0
2010-03-18,98.97,99.25,98.44,99.13,24.7825,202600,0.0,1.0
2010-03-19,99.39,100.0,99.2701,99.9,24.975,458400,0.0,1.0
2010-03-22,99.67,101.46,98.12,101.26,25.315,403400,0.0,1.0
2010-03-23,101.46,101.98,99.87,100.56,25.14,442000,0.0,1.0
2010-03-24,100.51,100.75,99.69,100.01,25.0025,228200,0.0,1.0
2010-03-25,100.25,100.25,98.9175,98.96,24.74,519100,0.0,1.0
2010-03-26,98.94,99.35,97.9,98.21,24.5525,473100,0.0,1.0
2010-03-29,98.58,99.59,98.4,99.5,24.875,178900,0.0,1.0
2010-03-30,99.5,100.21,98.98,100.12,25.03,170100,0.0,1.0
2010-03-31,99.7,99.82,98.85,98.88,24.72,238100,0.0,1.0
2010-04-01,99.25,100.57,99.25,100.39,25.0975,224100,0.0,1.0
2010-04-05,100.78,103.2,100.78,103.2,25.8,371400,0.0,1.0
2010-04-06,103.07,103.22,99.65,102.43,25.6075,897900,0.0,1.0
2010-04-07,102.81,103.69,101.93,103.0,25.75,269400,0.0,1.0
2010-04-08,102.56,102.97,101.685,102.82,25.705,192600,0.0,1.0
2010-04-09,103.76,104.02,102.5,104.02,26.005,325200,0.0,1.0
2010-04-12,102.95,102.95,101.53,102.44,25.61,368600,0.0,1.0
2010-04-13,102.61,104.54,101.7,104.53,26.1325,371500,0.0,1.0
2010-04-14,105.25,105.54,103.63,104.33,26.0825,368100,0.0,1.0
2010-04-15,104.51,105.47,104.0,105.38,26.345,244300,0.0,1.0
2010-04-16,105.26,105.85,104.15,104.35,26.0875,306100,0.0,1.0
2010-04-19,103.96,105.07,103.34,103.6,25.9,414400,0.0,1.0
2010-04-20,103.6,104.8,103.49,104.65,26.1625,637400,0.0,1.0
2010-04-21,101.78,103.87,100.04,100.3,25.075,995100,0.0,1.0
2010-04-22,100.33,101.77,99.05,101.6,25.4,404800,0.0,1.0
2010-04-23,101.31,102.84,99.98,102.74,25.685,344200,0.0,1.0
2010-04-26,101.84,103.16,100.49,102.17,25.5425,270600,0.0,1.0
2010-04-27,102.08,104.29,101.62,102.81,25.7025,391100,0.0,1.0
2010-04-28,102.78,105.27,102.6025,104.51,26.1275,436400,0.0,1.0
2010-04-29,104.62,105.52,103.77,105.5,26.375,368700,0.0,1.0
2010-04-30,105.81,105.91,102.97,103.08,25.77,443500,0.0,1.0
2010-05-03,103.35,105.91,103.35,105.82,26.455,357400,0.0,1.0
2010-05-04,104.88,105.67,103.0428,103.46,25.865,407200,0.0,1.0
2010-05-05,103.2,103.62,102.01,102.93,25.7325,556600,0.0,1.0
2010-05-06,102.9,103.85,96.0,99.83,24.9575,574700,0.0,1.0
2010-05-07,100.12,100.12,96.308,97.47,24.3675,1040000,0.0,1.0
2010-05-10,100.6,102.49,98.01,100.91,25.2275,492300,0.0,1.0
2010-05-11,100.51,100.79,99.18,99.79,24.9475,557400,0.0,1.0
2010-05-12,100.28,101.7,99.59,101.48,25.37,447200,0.0,1.0
2010-05-13,101.15,103.02,101.1115,101.92,25.48,246700,0.0,1.0
2010-05-14,101.32,101.71,100.04,100.61,25.1525,274000,0.0,1.0
2010-05-17,101.15,101.88,99.59,101.68,25.42,374700,0.0,1.0
2010-05-18,102.65,103.18,101.03,101.25,25.3125,330100,0.0,1.0
2010-05-19,100.77,101.55,99.21,99.64,24.91,403700,0.0,1.0
2010-05-20,97.94,98.29,96.16,96.16,24.04,574500,0.0,1.0
2010-05-21,95.02,98.53,93.15,98.4,24.6,627200,0.0,1.0
2010-05-24,97.76,101.11,97.76,100.25,25.0625,571900,0.0,1.0
2010-05-25,98.52,100.55,96.7,99.1,24.775,1008200,0.0,1.0
2010-05-26,99.61,103.61,99.17,101.82,25.455,817900,0.0,1.0
2010-05-27,102.46,104.0,101.8,103.85,25.9625,956700,0.0,1.0
2010-05-28,51.74,52.0,50.41,50.53,25.265,771500,0.0,2.0
2010-06-01,50.22,52.75,50.22,52.09,26.045,1794100,0.0,1.0
2010-06-02,52.4,53.23,51.51,53.23,26.615,1388400,0.0,1.0
2010-06-03,53.35,54.08,53.04,53.8,26.9,999800,0.0,1.0
2010-06-04,52.73,53.18,51.97,52.46,26.23,1318800,0.0,1.0
2010-06-07,52.68,53.56,51.31,51.44,25.72,1221600,0.0,1.0
2010-06-08,51.58,52.71,51.23,52.36,26.18,1024000,0.0,1.0
2010-06-09,52.44,53.0,52.23,52.54,26.27,756700,0.0,1.0
2010-06-10,53.14,53.7,52.745,52.94,26.47,642300,0.0,1.0
2010-06-11,52.73,53.93,52.565,53.8,26.9,560400,0.0,1.0
2010-06-14,54.23,54.68,53.69,53.85,26.925,485100,0.0,1.0
2010-06-15,53.89,54.58,53.89,54.51,27.255,401900,0.0,1.0
2010-06-16,54.15,55.57,54.15,55.12,27.56,551500,0.0,1.0
2010-06-17,54.97,55.34,54.55,54.89,27.445,537400,0.0,1.0
2010-06-18,54.95,55.61,54.74,55.05,27.525,475800,0.0,1.0
2010-06-21,55.63,56.0,54.78,55.04,27.52,394700,0.0,1.0
2010-06-22,55.18,55.78,54.75,54.81,27.405,606000,0.0,1.0
2010-06-23,53.41,53.75,51.35,52.15,26.075,1968500,0.0,1.0
2010-06-24,52.09,53.5,51.89,53.0,26.5,1144200,0.0,1.0
2010-06-25,53.43,53.43,52.48,53.32,26.66,1432000,0.0,1.0
2010-06-28,53.92,54.31,52.99,54.08,27.04,903200,0.0,1.0
2010-06-29,53.45,54.29,53.09,53.83,26.915,1043600,0.0,1.0
2010-06-30,53.84,56.4365,53.65,56.02,28.01,2158900,0.0,1.0
2010-07-01,56.18,56.18,54.6,55.58,27.79,1530000,0.0,1.0
2010-07-02,55.79,56.05,55.37,55.41,27.705,1219900,0.0,1.0
2010-07-06,56.19,57.22,56.0,56.6,28.3,1160300,0.0,1.0
2010-07-07,55.62,55.64,54.68,55.24,27.62,2491700,0.0,1.0
2010-07-08,55.69,56.16,54.99,55.6,27.8,1341300,0.0,1.0
2010-07-09,55.69,56.43,55.46,56.14,28.07,391400,0.0,1.0
2010-07-12,55.99,56.4,55.71,55.99,27.995,442100,0.0,1.0
2010-07-13,56.51,56.79,55.65,55.66,27.83,859300,0.0,1.0
2010-07-14,55.61,56.03,55.05,55.99,27.995,825600,0.0,1.0
2010-07-15,56.15,56.39,55.4,55.96,27.98,534200,0.0,1.0
2010-07-16,55.7,55.9199,54.635,54.75,27.375,684900,0.0,1.0
2010-07-19,54.99,55.51,54.85,55.19,27.595,577000,0.0,1.0
2010-07-20,54.69,55.63,54.21,55.58,27.79,764100,0.0,1.0
2010-07-21,55.64,55.64,53.37,53.55,26.775,1517700,0.0,1.0
2010-07-22,56.1,58.35,56.1,57.37,28.685,1726000,0.0,1.0
2010-07-23,57.37,58.38,57.09,58.23,29.115,1335200,0.0,1.0
2010-07-26,58.25,58.69,57.83,58.69,29.345,848200,0.0,1.0
2010-07-27,59.0,59.28,58.21,58.73,29.365,736800,0.0,1.0
2010-07-28,58.73,58.94,57.65,57.85,28.925,511600,0.0,1.0
2010-07-29,58.23,58.61,57.18,57.27,28.635,782800,0.0,1.0
2010-07-30,56.94,58.19,56.8,57.8,28.9,761900,0.0,1.0
2010-08-02,58.43,58.63,57.46,57.62,28.81,943700,0.0,1.0
2010-08-03,57.64,58.8195,56.67,57.46,28.73,1381800,0.0,1.0
2010-08-04,57.5,58.08,57.25,57.54,28.77,737400,0.0,1.0
2010-08-05,57.51,57.97,57.14,57.61,28.805,603700,0.0,1.0
2010-08-06,57.1,58.36,56.92,58.3,29.15,876800,0.0,1.0
2010-08-09,58.34,58.475,57.86,58.35,29.175,584800,0.0,1.0
2010-08-10,57.85,58.46,57.5,58.03,29.015,616200,0.0,1.0
2010-08-11,57.63,57.99,57.07,57.74,28.87,986800,0.0,1.0
2010-08-12,57.58,57.73,57.11,57.44,28.72,499400,0.0,1.0
2010-08-13,57.52,57.64,56.87,57.31,28.655,475600,0.0,1.0
2010-08-16,57.25,57.59,56.54,57.24,28.62,466600,0.0,1.0
2010-08-17,57.69,58.04,57.23,57.65,28.825,639400,0.0,1.0
2010-08-18,57.45,58.16,57.1,57.75,28.875,767500,0.0,1.0
2010-08-19,57.7,58.02,57.08,57.64,28.82,598000,0.0,1.0
2010-08-20,57.51,58.33,57.34,58.18,29.09,999300,0.0,1.0
2010-08-23,58.32,58.64,57.85,58.26,29.13,624200,0.0,1.0
2010-08-24,57.84,57.85,56.995,57.12,28.56,758400,0.0,1.0
2010-08-25,56.71,57.22,56.43,56.9,28.45,853900,0.0,1.0
2010-08-26,56.96,57.67,56.8905,57.48,28.74,754300,0.0,1.0
2010-08-27,57.65,58.36,57.0,58.1,29.05,561600,0.0,1.0
2010-08-30,57.82,58.35,57.68,57.82,28.91,473300,0.0,1.0
2010-08-31,57.6,57.76,57.15,57.57,28.785,731800,0.0,1.0
2010-09-01,58.05,58.97,57.777,58.94,29.47,829700,0.0,1.0
2010-09-02,58.95,60.44,58.7,60.42,30.21,967300,0.0,1.0
2010-09-03,60.72,61.13,60.31,60.97,30.485,520000,0.0,1.0
2010-09-07,60.99,61.56,60.32,60.95,30.475,375900,0.0,1.0
2010-09-08,60.86,61.1,59.78,59.99,29.995,1021700,0.0,1.0
2010-09-09,60.45,60.52,59.56,59.76,29.88,586600,0.0,1.0
2010-09-10,59.72,59.91,59.01,59.03,29.515,940600,0.0,1.0
2010-09-13,59.56,59.84,57.37,57.41,28.705,1445400,0.0,1.0
2010-09-14,57.08,57.39,55.0255,57.0,28.5,1784200,0.0,1.0
2010-09-15,56.96,57.92,56.77,57.65,28.825,1606100,0.0,1.0
2010-09-16,57.5,58.94,57.5,58.31,29.155,1073700,0.0,1.0
2010-09-17,58.17,58.28,55.78,55.81,27.905,1811800,0.0,1.0
2010-09-20,55.6,56.17,53.1,54.47,27.235,4003800,0.0,1.0
2010-09-21,54.56,60.19,54.55,59.35,29.675,4415500,0.0,1.0
2010-09-22,59.39,59.94,58.33,59.7,29.85,2430800,0.0,1.0
2010-09-23,66.53,69.29,66.3,67.59,33.795,6380600,0.0,1.0
2010-09-24,67.9,67.96,65.71,67.91,33.955,1993400,0.0,1.0
2010-09-27,67.96,68.28,66.81,68.12,34.06,1516200,0.0,1.0
2010-09-28,66.93,68.74,65.75,67.96,33.98,1030700,0.0,1.0
2010-09-29,67.7,68.1,67.54,67.94,33.97,672000,0.0,1.0
2010-09-30,68.05,68.38,66.885,67.05,33.525,1438500,0.0,1.0
2010-10-01,67.42,68.25,66.21,67.11,33.555,997400,0.0,1.0
2010-10-04,66.85,67.0,65.98,66.51,33.255,747100,0.0,1.0
2010-10-05,66.98,67.76,66.61,67.7,33.85,767400,0.0,1.0
2010-10-06,67.77,67.98,67.09,67.78,33.89,688200,0.0,1.0
2010-10-07,68.11,68.23,66.95,67.65,33.825,648400,0.0,1.0
2010-10-08,67.61,68.2,67.34,68.02,34.01,473200,0.0,1.0
2010-10-11,67.96,68.199,66.5,67.51,33.755,611900,0.0,1.0
2010-10-12,67.34,67.41,66.54,66.81,33.405,825100,0.0,1.0
2010-10-13,67.1,67.33,66.81,67.05,33.525,432000,0.0,1.0
2010-10-14,66.82,67.71,66.82,67.21,33.605,348200,0.0,1.0
2010-10-15,67.56,67.56,66.68,67.48,33.74,568100,0.0,1.0
2010-10-18,67.5,67.51,66.72,66.95,33.475,764400,0.0,1.0
2010-10-19,66.65,66.71,65.02,65.42,32.71,560400,0.0,1.0
2010-10-20,65.66,66.75,65.51,66.21,33.105,558500,0.0,1.0
2010-10-21,66.52,66.86,65.44,66.0,33.0,367300,0.0,1.0
2010-10-22,66.11,66.39,65.75,66.24,33.12,430200,0.0,1.0
2010-10-25,66.36,67.0,64.68,64.78,32.39,1453700,0.0,1.0
2010-10-26,64.67,65.845,63.4,64.42,32.21,898500,0.0,1.0
2010-10-27,64.27,64.48,63.23,63.84,31.92,1075100,0.0,1.0
2010-10-28,64.02,64.47,63.675,63.93,31.965,621600,0.0,1.0
2010-10-29,63.91,64.11,63.37,63.91,31.955,655100,0.0,1.0
2010-11-01,64.0,64.86,63.82,64.21,32.105,649900,0.0,1.0
2010-11-02,64.41,64.95,64.05,64.24,32.12,488700,0.0,1.0
2010-11-03,64.11,64.64,63.581,64.33,32.165,374000,0.0,1.0
2010-11-04,64.72,65.5,64.52,65.44,32.72,940300,0.0,1.0
2010-11-05,65.42,65.98,65.13,65.63,32.815,482900,0.0,1.0
2010-11-08,65.54,66.24,65.18,66.16,33.08,577600,0.0,1.0
2010-11-09,66.02,66.49,65.5,66.46,33.23,608700,0.0,1.0
2010-11-10,66.23,66.55,65.35,66.16,33.08,663400,0.0,1.0
2010-11-11,65.77,65.89,64.555,65.67,32.835,424100,0.0,1.0
2010-11-12,65.43,65.66,64.75,64.91,32.455,288500,0.0,1.0
2010-11-15,65.0,66.22,64.84,65.84,32.92,721000,0.0,1.0
2010-11-16,65.34,65.51,63.78,64.34,32.17,750600,0.0,1.0
2010-11-17,64.35,65.54,64.01,65.03,32.515,675900,0.0,1.0
2010-11-18,65.09,66.04,64.96,65.94,32.97,673400,0.0,1.0
2010-11-19,65.82,66.99,65.566,66.89,33.445,673000,0.0,1.0
2010-11-22,66.56,67.1,66.23,66.94,33.47,668700,0.0,1.0
2010-11-23,66.54,66.54,65.06,65.45,32.725,431000,0.0,1.0
2010-11-24,65.49,66.2,65.49,66.14,33.07,501300,0.0,1.0
2010-11-26,65.94,66.14,65.2,65.94,32.97,185100,0.0,1.0
2010-11-29,65.6,66.83,65.395,66.64,33.32,537600,0.0,1.0
2010-11-30,66.13,66.59,66.07,66.36,33.18,573600,0.0,1.0
2010-12-01,66.85,67.78,66.78,67.58,33.79,366400,0.0,1.0
2010-12-02,67.43,67.92,67.26,67.52,33.76,434200,0.0,1.0
2010-12-03,67.54,68.38,67.53,68.17,34.085,445400,0.0,1.0
2010-12-06,68.13,68.61,67.79,68.55,34.275,297600,0.0,1.0
2010-12-07,68.81,69.12,67.88,68.8,34.4,585900,0.0,1.0
2010-12-08,69.0,69.64,68.39,69.44,34.72,530300,0.0,1.0
2010-12-09,70.1,70.57,69.33,70.23,35.115,645800,0.0,1.0
2010-12-10,70.19,71.37,69.86,71.29,35.645,618800,0.0,1.0
2010-12-13,71.24,76.82,71.24,76.05,38.025,2045800,0.0,1.0
2010-12-14,76.0,79.0,75.04,78.15,39.075,1839400,0.0,1.0
2010-12-15,78.0,81.59,77.25,81.26,40.63,1807300,0.0,1.0
2010-12-16,81.17,82.0,80.42,81.48,40.74,1742800,0.0,1.0
2010-12-17,82.11,85.19,81.64,84.75,42.375,2197000,0.0,1.0
2010-12-20,84.6,85.47,83.15,84.28,42.14,1151200,0.0,1.0
2010-12-21,84.59,84.79,82.65,82.86,41.43,997300,0.0,1.0
2010-12-22,82.47,83.5993,81.58,81.91,40.955,1044800,0.0,1.0
2010-12-23,81.76,82.04,80.73,81.32,40.66,888100,0.0,1.0
2010-12-27,81.05,81.49,80.54,80.96,40.48,642900,0.0,1.0
2010-12-28,81.28,81.33,80.69,80.86,40.43,467800,0.0,1.0
2010-12-29,81.0,82.22,81.0,81.86,40.93,348300,0.0,1.0
2010-12-30,81.61,81.87,80.18,80.88,40.44,667600,0.0,1.0
2010-12-31,81.0,81.64,80.62,80.84,40.42,327700,0.0,1.0
2011-01-03,81.53,81.92,79.05,79.25,39.625,1089900,0.0,1.0
2011-01-04,79.4,80.34,78.88,80.27,40.135,669500,0.0,1.0
2011-01-05,79.89,80.41,78.65,78.82,39.41,763800,0.0,1.0
2011-01-06,78.78,79.21,78.27,78.81,39.405,647000,0.0,1.0
2011-01-07,78.91,79.81,78.48,79.05,39.525,458800,0.0,1.0
2011-01-10,78.68,79.0,77.26,78.65,39.325,658200,0.0,1.0
2011-01-11,79.25,80.84,79.25,79.98,39.99,597200,0.0,1.0
2011-01-12,80.15,80.4,78.97,79.39,39.695,510000,0.0,1.0
2011-01-13,79.43,81.92,79.1,81.79,40.895,841300,0.0,1.0
2011-01-14,81.57,82.1,80.62,81.7,40.85,761400,0.0,1.0
2011-01-18,82.2,83.5,81.5,83.48,41.74,1010000,0.0,1.0
2011-01-19,83.45,84.675,82.5,83.8,41.9,1203100,0.0,1.0
2011-01-20,83.31,83.64,82.51,83.51,41.755,1145000,0.0,1.0
2011-01-21,83.78,84.19,82.63,82.69,41.345,510200,0.0,1.0
2011-01-24,83.84,84.32,83.09,83.36,41.68,864300,0.0,1.0
2011-01-25,84.01,84.32,82.53,83.48,41.74,736200,0.0,1.0
2011-01-26,84.02,84.91,83.28,84.82,42.41,1208700,0.0,1.0
2011-01-27,84.66,86.26,84.66,84.92,42.46,734000,0.0,1.0
2011-01-28,84.92,86.26,82.51,83.18,41.59,759900,0.0,1.0
2011-01-31,83.64,85.0,83.5,84.29,42.145,723300,0.0,1.0
2011-02-01,85.08,86.82,85.08,85.94,42.97,794800,0.0,1.0
2011-02-02,86.13,86.89,85.95,86.32,43.16,657900,0.0,1.0
2011-02-03,85.03,89.94,84.57,85.55,42.775,1591300,0.0,1.0
2011-02-04,85.86,86.56,85.52,85.94,42.97,722700,0.0,1.0
2011-02-07,86.32,88.0,86.2101,86.67,43.335,628800,0.0,1.0
2011-02-08,86.75,88.08,86.75,88.05,44.025,488600,0.0,1.0
2011-02-09,87.66,89.2999,87.66,88.0,44.0,540700,0.0,1.0
2011-02-10,88.06,89.58,87.81,88.5,44.25,414500,0.0,1.0
2011-02-11,88.51,88.97,87.85,88.87,44.435,430700,0.0,1.0
2011-02-14,89.0,89.121,88.0,88.92,44.46,487500,0.0,1.0
2011-02-15,88.91,89.27,88.12,88.64,44.32,363500,0.0,1.0
2011-02-16,88.67,89.11,88.23,88.25,44.125,456200,0.0,1.0
2011-02-17,88.12,89.255,87.6,89.15,44.575,556400,0.0,1.0
2011-02-18,89.14,89.5,88.73,89.5,44.75,545200,0.0,1.0
2011-02-22,88.93,89.34,87.091,87.2,43.6,471900,0.0,1.0
2011-02-23,87.09,87.43,84.18,85.14,42.57,659700,0.0,1.0
2011-02-24,85.14,85.6,83.84,84.58,42.29,715100,0.0,1.0
2011-02-25,84.86,86.43,84.61,86.4,43.2,460100,0.0,1.0
2011-02-28,86.63,87.47,85.04,85.04,42.52,607300,0.0,1.0
2011-03-01,85.43,86.41,84.54,84.97,42.485,894900,0.0,1.0
2011-03-02,84.71,89.586,84.71,88.69,44.345,831800,0.0,1.0
2011-03-03,89.11,91.82,89.11,90.87,45.435,767600,0.0,1.0
2011-03-04,91.21,91.21,88.97,89.51,44.755,613500,0.0,1.0
2011-03-07,89.92,90.47,87.57,89.83,44.915,736500,0.0,1.0
2011-03-08,89.7,90.72,89.44,90.25,45.125,678200,0.0,1.0
2011-03-09,90.38,91.54,90.13,91.36,45.68,680800,0.0,1.0
2011-03-10,90.26,90.48,88.24,88.24,44.12,810500,0.0,1.0
2011-03-11,88.21,89.54,87.01,89.27,44.635,442400,0.0,1.0
2011-03-14,88.49,88.97,87.6,88.46,44.23,443000,0.0,1.0
2011-03-15,87.06,87.06,85.28,86.23,43.115,785600,0.0,1.0
2011-03-16,86.0,86.9,85.53,86.26,43.13,580400,0.0,1.0
2011-03-17,87.19,88.14,86.59,87.13,43.565,473700,0.0,1.0
2011-03-18,87.89,88.4,85.99,86.21,43.105,561000,0.0,1.0
2011-03-21,86.98,88.73,86.81,87.64,43.82,521600,0.0,1.0
2011-03-22,88.0,88.0,86.59,86.62,43.31,699000,0.0,1.0
2011-03-23,86.66,86.85,85.07,85.15,42.575,906000,0.0,1.0
2011-03-24,86.09,86.96,85.3,85.4,42.7,1125400,0.0,1.0
2011-03-25,87.67,90.0,87.52,88.5,44.25,2123300,0.0,1.0
2011-03-28,89.05,90.04,88.22,88.24,44.12,1436000,0.0,1.0
2011-03-29,87.91,88.55,87.8,88.0,44.0,1112600,0.0,1.0
2011-03-30,88.75,89.04,87.75,87.92,43.96,1212800,0.0,1.0
2011-03-31,88.01,88.19,86.72,87.0,43.5,23206300,0.0,1.0
2011-04-01,87.49,87.62,85.58,86.07,43.035,2486300,0.0,1.0
2011-04-04,88.44,88.62,83.19,85.48,42.74,3700900,0.0,1.0
2011-04-05,84.8,85.105,80.83,82.26,41.13,3579000,0.0,1.0
2011-04-06,82.29,82.96,82.15,82.26,41.13,1678600,0.0,1.0
2011-04-07,82.15,83.05,82.091,82.78,41.39,1240100,0.0,1.0
2011-04-08,82.71,83.306,82.636,83.06,41.53,918200,0.0,1.0
2011-04-11,82.97,83.67,82.68,83.35,41.675,710000,0.0,1.0
2011-04-12,83.04,83.295,82.69,83.26,41.63,1152700,0.0,1.0
2011-04-13,83.45,84.89,83.3,84.46,42.23,765000,0.0,1.0
2011-04-14,84.09,84.96,83.54,83.9,41.95,1066500,0.0,1.0
2011-04-15,84.15,84.4799,83.4,83.95,41.975,1138600,0.0,1.0
2011-04-18,83.32,83.36,81.131,81.6,40.8,1742500,0.0,1.0
2011-04-19,81.52,81.81,80.44,81.81,40.905,1252900,0.0,1.0
2011-04-20,82.55,84.56,82.43,84.36,42.18,1231200,0.0,1.0
2011-04-21,87.5,87.51,82.15,83.36,41.68,1920200,0.0,1.0
2011-04-25,82.37,84.37,82.37,83.81,41.905,1046700,0.0,1.0
2011-04-26,83.82,84.67,83.27,83.33,41.665,750100,0.0,1.0
2011-04-27,83.4,84.05,82.54,83.97,41.985,654100,0.0,1.0
2011-04-28,83.77,84.52,83.53,84.25,42.125,422300,0.0,1.0
2011-04-29,84.35,86.92,84.13,86.35,43.175,1239700,0.0,1.0
2011-05-02,86.88,87.75,86.04,86.16,43.08,908200,0.0,1.0
2011-05-03,85.78,86.99,85.0201,85.42,42.71,912300,0.0,1.0
2011-05-04,85.29,85.73,84.925,85.53,42.765,983000,0.0,1.0
2011-05-05,85.35,87.17,85.15,86.6,43.3,1131900,0.0,1.0
2011-05-06,87.37,89.0,87.25,88.2,44.1,1608700,0.0,1.0
2011-05-09,88.0,88.2,86.39,88.07,44.035,988300,0.0,1.0
2011-05-10,88.2,89.255,88.09,88.64,44.32,848400,0.0,1.0
2011-05-11,88.67,88.86,87.37,87.98,43.99,662900,0.0,1.0
2011-05-12,87.98,89.46,87.3,89.23,44.615,716000,0.0,1.0
2011-05-13,89.19,89.5,87.69,88.25,44.125,669300,0.0,1.0
2011-05-16,88.13,89.59,88.1048,89.29,44.645,691600,0.0,1.0
2011-05-17,88.58,88.65,87.3,88.47,44.235,577500,0.0,1.0
2011-05-18,88.47,89.67,88.04,89.5,44.75,991300,0.0,1.0
2011-05-19,89.61,90.381,89.37,89.83,44.915,455300,0.0,1.0
2011-05-20,89.83,89.83,88.33,88.43,44.215,772100,0.0,1.0
2011-05-23,87.16,88.26,86.96,88.17,44.085,688300,0.0,1.0
2011-05-24,88.04,88.185,87.33,87.91,43.955,653600,0.0,1.0
2011-05-25,87.48,88.39,87.48,88.13,44.065,450700,0.0,1.0
2011-05-26,87.78,88.18,87.34,87.66,43.83,556400,0.0,1.0
2011-05-27,88.01,88.28,87.87,88.08,44.04,389600,0.0,1.0
2011-05-31,89.0,89.74,87.95,88.73,44.365,942900,0.0,1.0
2011-06-01,88.73,89.15,87.49,87.6,43.8,722000,0.0,1.0
2011-06-02,87.59,87.76,85.88,86.95,43.475,783300,0.0,1.0
2011-06-03,86.23,86.78,85.84,86.44,43.22,674900,0.0,1.0
2011-06-06,86.1,86.56,85.2009,86.01,43.005,755600,0.0,1.0
2011-06-07,85.97,86.79,85.47,86.47,43.235,770900,0.0,1.0
2011-06-08,86.06,86.71,85.42,85.94,42.97,987300,0.0,1.0
2011-06-09,85.79,86.63,85.28,86.46,43.23,483700,0.0,1.0
2011-06-10,86.25,86.25,84.17,84.2,42.1,646200,0.0,1.0
2011-06-13,84.21,84.68,83.4897,83.58,41.79,567800,0.0,1.0
2011-06-14,84.13,86.1,83.63,85.58,42.79,689900,0.0,1.0
2011-06-15,86.25,86.25,83.85,83.88,41.94,607000,0.0,1.0
2011-06-16,83.78,84.03,82.54,83.23,41.615,531100,0.0,1.0
2011-06-17,84.0,84.53,83.82,84.01,42.005,689100,0.0,1.0
2011-06-20,84.02,84.16,82.88,83.92,41.96,770100,0.0,1.0
2011-06-21,84.25,84.55,83.85,84.25,42.125,701500,0.0,1.0
2011-06-22,84.25,84.895,84.2,84.75,42.375,950100,0.0,1.0
2011-06-23,83.87,85.08,82.791,85.0,42.5,1244000,0.0,1.0
2011-06-24,85.01,85.15,84.15,84.76,42.38,632100,0.0,1.0
2011-06-27,84.43,85.5,84.43,85.39,42.695,688200,0.0,1.0
2011-06-28,85.3,85.54,85.08,85.45,42.725,571000,0.0,1.0
2011-06-29,86.0,86.0,85.39,85.58,42.79,384600,0.0,1.0
2011-06-30,85.83,87.5,85.69,87.18,43.59,808300,0.0,1.0
2011-07-01,87.13,88.12,86.82,88.07,44.035,737200,0.0,1.0
2011-07-05,87.59,89.41,87.46,89.19,44.595,1040100,0.0,1.0
2011-07-06,89.11,91.0,88.77,90.85,45.425,832700,0.0,1.0
2011-07-07,91.5,91.5,90.88,91.09,45.545,971300,0.0,1.0
2011-07-08,90.47,90.93,89.787,90.91,45.455,669600,0.0,1.0
2011-07-11,90.12,90.79,89.72,90.13,45.065,582800,0.0,1.0
2011-07-12,89.96,90.54,88.871,89.9,44.95,695800,0.0,1.0
2011-07-13,90.15,91.27,89.81,90.36,45.18,552400,0.0,1.0
2011-07-14,90.41,90.9,89.69,89.95,44.975,467000,0.0,1.0
2011-07-15,90.19,90.19,88.32,88.94,44.47,845500,0.0,1.0
2011-07-18,88.98,89.97,87.8,89.69,44.845,909100,0.0,1.0
2011-07-19,89.89,90.9,88.83,89.65,44.825,817300,0.0,1.0
2011-07-20,89.75,90.095,87.36,87.53,43.765,1224600,0.0,1.0
2011-07-21,86.5,86.5,81.6305,82.55,41.275,3537300,0.0,1.0
2011-07-22,82.55,82.55,76.11,77.91,38.955,5100700,0.0,1.0
2011-07-25,77.89,77.89,74.1,74.39,37.195,3223300,0.0,1.0
2011-07-26,74.55,75.23,73.31,73.98,36.99,1597100,0.0,1.0
2011-07-27,73.79,74.1,71.58,71.6,35.8,1190100,0.0,1.0
2011-07-28,71.5,73.0,70.88,72.46,36.23,1737000,0.0,1.0
2011-07-29,71.68,72.41,71.28,71.35,35.675,1322200,0.0,1.0
2011-08-01,71.69,71.98,69.78,70.16,35.08,2166900,0.0,1.0
2011-08-02,69.71,70.71,69.63,70.2,35.1,2020500,0.0,1.0
2011-08-03,70.19,72.03,69.83,72.0,36.0,2415000,0.0,1.0
2011-08-04,70.99,71.28,68.65,68.72,34.36,2626800,0.0,1.0
2011-08-05,68.73,69.72,66.4,68.39,34.195,1752800,0.0,1.0
2011-08-08,66.34,67.14,63.47,63.93,31.965,2466700,0.0,1.0
2011-08-09,65.06,66.29,61.631,66.03,33.015,2758500,0.0,1.0
2011-08-10,64.91,65.63,62.66,62.83,31.415,1366800,0.0,1.0
2011-08-11,63.13,66.84,63.13,66.09,33.045,860200,0.0,1.0
2011-08-12,67.34,70.44,67.05,69.15,34.575,1528700,0.0,1.0
2011-08-15,69.42,70.46,68.21,69.34,34.67,1226500,0.0,1.0
2011-08-16,68.99,69.01,67.51,68.56,34.28,745700,0.0,1.0
2011-08-17,68.95,69.95,68.67,69.02,34.51,724600,0.0,1.0
2011-08-18,69.03,69.49,66.06,67.2,33.6,1817600,0.0,1.0
2011-08-19,66.83,69.08,66.4,67.73,33.865,1303100,0.0,1.0
2011-08-22,68.67,69.38,67.26,68.04,34.02,1316300,0.0,1.0
2011-08-23,67.92,70.72,67.83,70.69,35.345,1146100,0.0,1.0
2011-08-24,70.35,72.9,70.0,72.29,36.145,1480800,0.0,1.0
2011-08-25,72.32,73.26,70.45,70.89,35.445,941600,0.0,1.0
2011-08-26,70.53,73.66,69.2,73.58,36.79,1172100,0.0,1.0
2011-08-29,74.4,75.06,74.08,74.6,37.3,877200,0.0,1.0
2011-08-30,74.11,74.9,73.19,74.52,37.26,1160100,0.0,1.0
2011-08-31,75.06,76.42,74.62,75.45,37.725,767200,0.0,1.0
2011-09-01,75.53,75.93,74.06,74.53,37.265,855100,0.0,1.0
2011-09-02,73.25,73.86,72.57,72.7,36.35,810200,0.0,1.0
2011-09-06,71.08,73.22,70.6,73.09,36.545,789900,0.0,1.0
2011-09-07,74.19,74.79,73.7135,74.76,37.38,939400,0.0,1.0
2011-09-08,74.22,74.93,73.03,73.08,36.54,756000,0.0,1.0
2011-09-09,72.41,72.57,70.41,70.44,35.22,1125100,0.0,1.0
2011-09-12,69.505,71.32,69.14,71.19,35.595,1121200,0.0,1.0
2011-09-13,71.4,73.74,71.4,73.46,36.73,1430000,0.0,1.0
2011-09-14,74.12,75.4,72.91,74.63,37.315,1056200,0.0,1.0
2011-09-15,75.0,76.8,74.39,76.32,38.16,1037000,0.0,1.0
2011-09-16,76.82,77.48,75.73,77.16,38.58,1051400,0.0,1.0
2011-09-19,76.11,77.58,75.3001,77.25,38.625,907000,0.0,1.0
2011-09-20,77.5,79.9,77.05,78.5,39.25,1073700,0.0,1.0
2011-09-21,78.59,78.74,76.42,76.48,38.24,864100,0.0,1.0
2011-09-22,74.37,75.04,73.57,74.67,37.335,1232700,0.0,1.0
2011-09-23,73.91,74.96,72.18,74.54,37.27,933000,0.0,1.0
2011-09-26,75.15,76.74,74.19,76.62,38.31,671700,0.0,1.0
2011-09-27,78.24,79.71,77.38,77.82,38.91,753300,0.0,1.0
2011-09-28,77.83,78.53,75.8,75.87,37.935,830000,0.0,1.0
2011-09-29,72.4,72.5,67.5,70.88,35.44,5711200,0.0,1.0
2011-09-30,69.16,73.33,69.16,71.28,35.64,1764800,0.0,1.0
2011-10-03,70.89,70.89,68.0,68.42,34.21,1278700,0.0,1.0
2011-10-04,67.22,69.99,64.82,69.87,34.935,2000000,0.0,1.0
2011-10-05,70.0,70.25,68.79,69.1,34.55,1298500,0.0,1.0
2011-10-06,69.2,70.4,69.04,70.34,35.17,1215700,0.0,1.0
2011-10-07,70.93,73.02,70.72,72.03,36.015,1065200,0.0,1.0
2011-10-10,73.04,73.41,71.88,72.19,36.095,891500,0.0,1.0
2011-10-11,72.01,73.2,71.5311,71.68,35.84,802600,0.0,1.0
2011-10-12,72.0,72.31,70.82,70.89,35.445,1072600,0.0,1.0
2011-10-13,70.29,71.59,70.14,71.23,35.615,702700,0.0,1.0
2011-10-14,71.87,72.26,71.14,72.0,36.0,667300,0.0,1.0
2011-10-17,70.5,71.05,68.41,68.53,34.265,1442900,0.0,1.0
2011-10-18,68.12,70.73,68.12,70.16,35.08,835800,0.0,1.0
2011-10-19,70.32,71.5,67.69,67.79,33.895,1767800,0.0,1.0
2011-10-20,70.0,72.24,68.3,72.0,36.0,2155700,0.0,1.0
2011-10-21,72.72,73.75,72.35,73.38,36.69,1049300,0.0,1.0
2011-10-24,73.27,75.96,73.27,75.5,37.75,1226000,0.0,1.0
2011-10-25,75.04,76.0,72.82,72.94,36.47,871800,0.0,1.0
2011-10-26,73.98,74.31,72.51,73.55,36.775,574800,0.0,1.0
2011-10-27,75.5,76.29,74.211,75.16,37.58,815300,0.0,1.0
2011-10-28,75.64,76.37,75.41,76.06,38.03,726700,0.0,1.0
2011-10-31,74.88,76.57,74.33,75.42,37.71,977100,0.0,1.0
2011-11-01,73.55,74.7,72.9,73.51,36.755,916400,0.0,1.0
2011-11-02,74.71,75.69,72.12,74.37,37.185,1212200,0.0,1.0
2011-11-03,77.4,77.4,75.04,76.8,38.4,1101700,0.0,1.0
2011-11-04,76.41,77.03,76.0,76.44,38.22,738600,0.0,1.0
2011-11-07,76.25,76.98,75.26,76.21,38.105,435500,0.0,1.0
2011-11-08,76.2,77.17,75.43,76.28,38.14,739600,0.0,1.0
2011-11-09,74.5,74.93,71.59,71.7,35.85,1349900,0.0,1.0
2011-11-10,72.34,73.21,68.18,69.02,34.51,3609900,0.0,1.0
2011-11-11,69.45,71.52,68.31,70.57,35.285,1982100,0.0,1.0
2011-11-14,70.4,71.71,69.85,70.32,35.16,1116800,0.0,1.0
2011-11-15,70.07,70.65,68.77,68.77,34.385,1293300,0.0,1.0
2011-11-16,68.29,68.38,65.19,65.35,32.675,3109900,0.0,1.0
2011-11-17,65.14,65.2378,63.13,63.68,31.84,1426700,0.0,1.0
2011-11-18,63.99,64.58,62.9,63.02,31.51,1468700,0.0,1.0
2011-11-21,62.06,65.22,62.0,64.12,32.06,1870400,0.0,1.0
2011-11-22,63.86,64.82,62.47,63.06,31.53,903000,0.0,1.0
2011-11-23,62.41,63.37,61.59,62.95,31.475,996900,0.0,1.0
2011-11-25,62.61,63.42,62.28,62.5,31.25,355100,0.0,1.0
2011-11-28,63.97,64.56,63.34,63.86,31.93,727800,0.0,1.0
2011-11-29,63.91,64.29,63.53,63.53,31.765,474900,0.0,1.0
2011-11-30,65.22,66.03,65.05,66.03,33.015,1010000,0.0,1.0
2011-12-01,65.73,67.41,65.43,66.83,33.415,685400,0.0,1.0
2011-12-02,67.19,67.19,64.53,64.99,32.495,1040900,0.0,1.0
2011-12-05,65.97,66.3777,64.96,65.24,32.62,927500,0.0,1.0
2011-12-06,65.39,65.57,64.59,65.18,32.59,555500,0.0,1.0
2011-12-07,64.92,65.22,64.14,64.81,32.405,567500,0.0,1.0
2011-12-08,64.25,64.31,63.76,63.82,31.91,894100,0.0,1.0
2011-12-09,64.58,65.5289,62.69,64.53,32.265,1624100,0.0,1.0
2011-12-12,65.13,68.39,64.04,67.85,33.925,2499700,0.0,1.0
2011-12-13,67.85,68.62,66.63,67.13,33.565,1656700,0.0,1.0
2011-12-14,66.83,66.9,65.56,65.88,32.94,1040900,0.0,1.0
2011-12-15,66.11,66.51,65.23,66.3,33.15,952900,0.0,1.0
2011-12-16,66.83,67.71,66.54,67.39,33.695,1392400,0.0,1.0
2011-12-19,67.42,67.98,66.9926,67.6,33.8,937300,0.0,1.0
2011-12-20,68.4,70.6,68.3,70.46,35.23,1249200,0.0,1.0
2011-12-21,70.19,70.31,68.98,70.03,35.015,610600,0.0,1.0
2011-12-22,70.53,71.82,70.17,70.41,35.205,671300,0.0,1.0
2011-12-23,70.42,71.02,70.16,70.98,35.49,328700,0.0,1.0
2011-12-27,70.61,71.07,70.37,70.71,35.355,230900,0.0,1.0
2011-12-28,70.87,70.98,69.8,70.12,35.06,384900,0.0,1.0
2011-12-29,70.34,71.59,69.81,71.42,35.71,375300,0.0,1.0
2011-12-30,71.16,71.7,70.7,70.7,35.35,438700,0.0,1.0
2012-01-03,72.08,73.09,71.845,72.0,36.0,989900,0.0,1.0
2012-01-04,71.79,72.36,70.77,70.84,35.42,669200,0.0,1.0
2012-01-05,70.18,72.13,70.04,71.95,35.975,772500,0.0,1.0
2012-01-06,71.56,72.97,71.52,72.88,36.44,814600,0.0,1.0
2012-01-09,72.81,72.91,71.88,72.63,36.315,550300,0.0,1.0
2012-01-10,73.11,74.39,73.04,74.39,37.195,986400,0.0,1.0
2012-01-11,74.5,74.62,73.97,74.29,37.145,1071200,0.0,1.0
2012-01-12,74.45,74.57,73.39,74.15,37.075,452500,0.0,1.0
2012-01-13,73.72,74.3,72.77,73.21,36.605,512100,0.0,1.0
2012-01-17,73.86,74.36,72.13,72.25,36.125,979600,0.0,1.0
2012-01-18,73.11,78.09,72.19,77.68,38.84,2858500,0.0,1.0
2012-01-19,77.81,79.0,77.31,77.89,38.945,1535700,0.0,1.0
2012-01-20,77.89,78.97,76.41,77.12,38.56,1007900,0.0,1.0
2012-01-23,77.26,79.38,76.51,79.31,39.655,1515000,0.0,1.0
2012-01-24,78.66,80.0,78.18,78.54,39.27,858900,0.0,1.0
2012-01-25,78.78,79.23,77.56,79.0,39.5,815900,0.0,1.0
2012-01-26,79.0,79.09,78.0,78.27,39.135,771900,0.0,1.0
2012-01-27,78.29,79.5,78.0008,79.18,39.59,812900,0.0,1.0
2012-01-30,78.38,78.92,77.78,78.27,39.135,765600,0.0,1.0
2012-01-31,80.04,83.96,80.04,82.67,41.335,2979600,0.0,1.0
2012-02-01,82.47,83.37,81.525,81.69,40.845,2031300,0.0,1.0
2012-02-02,81.08,81.35,79.97,80.67,40.335,1233900,0.0,1.0
2012-02-03,72.27,75.0,71.0,71.54,35.77,6683100,0.0,1.0
2012-02-06,71.33,72.985,70.181,72.52,36.26,1882800,0.0,1.0
2012-02-07,72.53,73.97,72.01,73.63,36.815,1267000,0.0,1.0
2012-02-08,73.96,74.24,73.35,74.0,37.0,989300,0.0,1.0
2012-02-09,73.69,74.115,73.15,73.31,36.655,974700,0.0,1.0
2012-02-10,72.88,74.02,72.54,73.87,36.935,1054500,0.0,1.0
2012-02-13,74.13,74.47,73.65,74.13,37.065,830500,0.0,1.0
2012-02-14,73.86,74.9,73.6,73.93,36.965,1101000,0.0,1.0
2012-02-15,74.53,76.04,73.88,75.85,37.925,2271800,0.0,1.0
2012-02-16,75.66,76.3,75.34,76.26,38.13,1190900,0.0,1.0
2012-02-17,76.56,76.56,75.1,75.61,37.805,1171100,0.0,1.0
2012-02-21,75.255,76.03,74.38,74.64,37.32,886500,0.0,1.0
2012-02-22,74.4,75.36,74.0,74.37,37.185,926900,0.0,1.0
2012-02-23,74.49,74.69,73.1611,73.69,36.845,1151700,0.0,1.0
2012-02-24,73.98,74.85,73.7501,74.26,37.13,707300,0.0,1.0
2012-02-27,73.48,73.78,72.23,73.57,36.785,912800,0.0,1.0
2012-02-28,73.57,73.74,72.83,73.33,36.665,730500,0.0,1.0
2012-02-29,73.26,73.74,72.6601,73.13,36.565,843500,0.0,1.0
2012-03-01,73.18,73.47,71.82,72.3,36.15,1996200,0.0,1.0
2012-03-02,72.47,73.05,71.08,71.22,35.61,1060700,0.0,1.0
2012-03-05,70.92,71.67,70.51,70.8,35.4,803500,0.0,1.0
2012-03-06,70.34,70.66,68.51,68.81,34.405,1373300,0.0,1.0
2012-03-07,68.76,69.46,68.36,68.43,34.215,851700,0.0,1.0
2012-03-08,69.48,69.48,67.95,68.53,34.265,2296200,0.0,1.0
2012-03-09,68.53,69.23,68.3,68.92,34.46,1411000,0.0,1.0
2012-03-12,68.74,70.27,68.42,69.24,34.62,1384300,0.0,1.0
2012-03-13,69.37,69.8599,68.6,69.3,34.65,1054800,0.0,1.0
2012-03-14,69.39,70.58,69.31,69.69,34.845,1158500,0.0,1.0
2012-03-15,69.62,70.33,68.92,70.01,35.005,539700,0.0,1.0
2012-03-16,69.99,71.62,69.75,71.42,35.71,1300500,0.0,1.0
2012-03-19,70.96,71.11,70.0535,70.48,35.24,1081100,0.0,1.0
2012-03-20,70.25,71.39,69.81,71.15,35.575,1082600,0.0,1.0
2012-03-21,71.05,71.37,70.45,71.09,35.545,670200,0.0,1.0
2012-03-22,71.0,72.14,70.89,71.5,35.75,1194700,0.0,1.0
2012-03-23,71.37,71.64,70.96,71.28,35.64,956200,0.0,1.0
2012-03-26,71.74,75.71,71.46,75.51,37.755,2619200,0.0,1.0
2012-03-27,75.25,75.64,74.01,74.07,37.035,2282100,0.0,1.0
2012-03-28,74.16,74.43,72.33,73.01,36.505,1383500,0.0,1.0
2012-03-29,72.77,73.4,72.55,72.88,36.44,783800,0.0,1.0
2012-03-30,73.15,73.3449,72.63,72.73,36.365,797000,0.0,1.0
2012-04-02,72.78,73.72,72.69,73.61,36.805,1008900,0.0,1.0
2012-04-03,73.3,73.93,72.77,73.16,36.58,788000,0.0,1.0
2012-04-04,72.41,72.86,71.621,71.89,35.945,864600,0.0,1.0
2012-04-05,71.72,72.4,71.38,71.99,35.995,553600,0.0,1.0
2012-04-09,71.06,71.65,70.54,71.2,35.6,600600,0.0,1.0
2012-04-10,71.01,71.87,70.58,70.61,35.305,640700,0.0,1.0
2012-04-11,71.38,71.78,71.05,71.65,35.825,685900,0.0,1.0
2012-04-12,71.63,72.77,71.34,72.6,36.3,549800,0.0,1.0
2012-04-13,71.98,72.36,68.46,68.55,34.275,2615800,0.0,1.0
2012-04-16,68.86,69.05,67.86,68.44,34.22,1408900,0.0,1.0
2012-04-17,69.0,71.44,68.668,71.37,35.685,1617900,0.0,1.0
2012-04-18,71.31,73.04,70.97,72.71,36.355,1796500,0.0,1.0
2012-04-19,72.8,73.21,72.6014,72.93,36.465,1154400,0.0,1.0
2012-04-20,73.08,73.85,72.95,73.37,36.685,1189200,0.0,1.0
2012-04-23,72.89,73.53,72.5,73.36,36.68,886900,0.0,1.0
2012-04-24,73.27,73.9,72.99,73.33,36.665,1045000,0.0,1.0
2012-04-25,76.01,83.44,76.01,81.84,40.92,4334900,0.0,1.0
2012-04-26,81.34,82.22,80.88,81.72,40.86,1167000,0.0,1.0
2012-04-27,81.79,83.16,81.58,82.69,41.345,741400,0.0,1.0
2012-04-30,82.39,83.485,82.39,82.97,41.485,766700,0.0,1.0
2012-05-01,82.25,85.04,82.25,84.78,42.39,1331900,0.0,1.0
2012-05-02,86.01,87.1,84.81,86.24,43.12,2032300,0.0,1.0
2012-05-03,85.8,86.7101,84.94,86.11,43.055,927800,0.0,1.0
2012-05-04,85.33,85.71,84.48,84.99,42.495,987500,0.0,1.0
2012-05-07,83.99,85.84,83.534,85.49,42.745,944000,0.0,1.0
2012-05-08,84.91,85.695,83.77,85.4,42.7,1253000,0.0,1.0
2012-05-09,84.58,85.68,84.19,85.45,42.725,713100,0.0,1.0
2012-05-10,86.0,86.0,83.43,84.05,42.025,1520900,0.0,1.0
2012-05-11,83.71,85.52,83.03,84.68,42.34,1023400,0.0,1.0
2012-05-14,84.24,84.28,82.81,84.07,42.035,641800,0.0,1.0
2012-05-15,84.22,84.72,83.11,83.37,41.685,683800,0.0,1.0
2012-05-16,83.81,83.95,83.0,83.09,41.545,653500,0.0,1.0
2012-05-17,83.18,83.81,82.54,82.6,41.3,1097900,0.0,1.0
2012-05-18,82.87,83.4678,81.5901,81.89,40.945,818200,0.0,1.0
2012-05-21,82.19,84.11,82.136,84.1,42.05,732600,0.0,1.0
2012-05-22,84.07,84.63,82.93,83.46,41.73,1094400,0.0,1.0
2012-05-23,82.88,85.25,82.6501,85.05,42.525,1000000,0.0,1.0
2012-05-24,85.21,87.44,85.21,87.33,43.665,1387500,0.0,1.0
2012-05-25,87.19,88.0,86.77,87.4,43.7,931800,0.0,1.0
2012-05-29,88.09,88.09,86.82,87.53,43.765,807000,0.0,1.0
2012-05-30,86.73,87.045,85.77,85.77,42.885,1146800,0.0,1.0
2012-05-31,85.39,85.78,84.25,85.37,42.685,1364300,0.0,1.0
2012-06-01,84.04,85.46,83.89,84.57,42.285,945300,0.0,1.0
2012-06-04,84.45,84.47,82.92,84.18,42.09,777000,0.0,1.0
2012-06-05,83.63,87.5,83.63,87.17,43.585,1169000,0.0,1.0
2012-06-06,87.17,87.17,85.44,86.34,43.17,1377700,0.0,1.0
2012-06-07,87.66,88.19,87.01,87.22,43.61,937000,0.0,1.0
2012-06-08,86.87,89.08,86.59,88.23,44.115,1459900,0.0,1.0
2012-06-11,88.41,89.95,86.64,88.0,44.0,1504700,0.0,1.0
2012-06-12,88.1,90.89,87.532,90.81,45.405,1156100,0.0,1.0
2012-06-13,90.47,92.3,89.99,90.54,45.27,1314300,0.0,1.0
2012-06-14,91.21,99.0,91.21,96.88,48.44,4145200,0.0,1.0
2012-06-15,97.42,97.56,96.52,97.52,48.76,1391900,0.0,1.0
2012-06-18,96.99,100.74,96.8901,100.66,50.33,1610200,0.0,1.0
2012-06-19,100.52,104.25,100.0901,102.48,51.24,1755100,0.0,1.0
2012-06-20,102.32,103.47,101.12,101.88,50.94,1382600,0.0,1.0
2012-06-21,102.22,102.26,99.29,99.55,49.775,851200,0.0,1.0
2012-06-22,99.88,102.07,99.8,101.56,50.78,771000,0.0,1.0
2012-06-25,101.39,102.61,100.95,102.15,51.075,706900,0.0,1.0
2012-06-26,100.75,102.88,100.57,101.48,50.74,800900,0.0,1.0
2012-06-27,101.62,102.7199,100.86,101.82,50.91,736600,0.0,1.0
2012-06-28,101.13,101.62,100.0,101.18,50.59,787500,0.0,1.0
2012-06-29,102.86,103.47,102.24,103.3,51.65,798400,0.0,1.0
2012-07-02,103.0,104.4371,102.31,104.21,52.105,643900,0.0,1.0
2012-07-03,103.91,104.41,103.11,103.95,51.975,264700,0.0,1.0
2012-07-05,103.51,104.63,103.5,104.44,52.22,630300,0.0,1.0
2012-07-06,103.77,103.98,101.43,101.92,50.96,748700,0.0,1.0
2012-07-09,102.36,103.4,101.9256,103.34,51.67,656800,0.0,1.0
2012-07-10,104.0,104.0,101.01,101.43,50.715,758700,0.0,1.0
2012-07-11,101.6,102.58,100.5,101.61,50.805,639300,0.0,1.0
2012-07-12,101.04,101.33,98.9,100.82,50.41,691800,0.0,1.0
2012-07-13,100.36,101.88,99.09,101.44,50.72,851200,0.0,1.0
2012-07-16,101.4,102.75,100.84,101.04,50.52,523600,0.0,1.0
2012-07-17,101.56,103.97,100.82,103.24,51.62,812800,0.0,1.0
2012-07-18,102.67,103.37,101.86,102.1,51.05,646400,0.0,1.0
2012-07-19,102.36,103.53,102.15,102.82,51.41,608000,0.0,1.0
2012-07-20,102.85,105.0,101.0,101.09,50.545,1279900,0.0,1.0
2012-07-23,99.89,100.73,99.03,100.49,50.245,544900,0.0,1.0
2012-07-24,101.14,101.18,97.943,98.65,49.325,928700,0.0,1.0
2012-07-25,101.02,106.94,100.52,105.06,52.53,2776000,0.0,1.0
2012-07-26,104.28,105.06,100.6,102.54,51.27,1877600,0.0,1.0
2012-07-27,103.19,105.92,102.45,105.19,52.595,1326200,0.0,1.0
2012-07-30,105.22,105.24,103.11,103.44,51.72,656800,0.0,1.0
2012-07-31,103.36,104.5,101.17,101.2,50.6,804900,0.0,1.0
2012-08-01,102.09,103.56,99.08,100.07,50.035,1211200,0.0,1.0
2012-08-02,98.93,99.61,98.07,99.3,49.65,717400,0.0,1.0
2012-08-03,100.9,102.28,100.48,101.32,50.66,683200,0.0,1.0
2012-08-06,100.75,101.61,99.76,100.42,50.21,761100,0.0,1.0
2012-08-07,100.19,102.18,98.59,101.11,50.555,811700,0.0,1.0
2012-08-08,100.93,101.63,99.61,100.29,50.145,494600,0.0,1.0
2012-08-09,99.75,99.75,96.891,98.3,49.15,1124100,0.0,1.0
2012-08-10,98.25,98.97,97.19,98.17,49.085,605400,0.0,1.0
2012-08-13,97.66,98.2,96.36,97.86,48.93,431100,0.0,1.0
2012-08-14,98.55,98.74,97.2,97.57,48.785,499200,0.0,1.0
2012-08-15,97.49,98.98,97.236,98.18,49.09,297100,0.0,1.0
2012-08-16,98.01,98.8,97.51,97.8,48.9,307500,0.0,1.0
2012-08-17,98.1,101.5,98.095,100.43,50.215,952700,0.0,1.0
2012-08-20,99.96,100.2,98.24,99.33,49.665,582200,0.0,1.0
2012-08-21,99.46,100.2699,99.2201,99.67,49.835,643800,0.0,1.0
2012-08-22,99.48,100.07,98.99,99.61,49.805,457600,0.0,1.0
2012-08-23,99.68,101.26,98.83,99.3,49.65,698700,0.0,1.0
2012-08-24,98.88,99.5,98.0,99.18,49.59,446700,0.0,1.0
2012-08-27,99.87,100.55,99.2,100.26,50.13,455200,0.0,1.0
2012-08-28,100.0,101.47,98.87,101.08,50.54,950500,0.0,1.0
2012-08-29,101.1,103.16,100.65,101.82,50.91,832700,0.0,1.0
2012-08-30,101.6,102.58,100.59,102.0,51.0,710600,0.0,1.0
2012-08-31,102.67,102.99,101.26,102.11,51.055,509100,0.0,1.0
2012-09-04,101.68,104.97,101.68,104.24,52.12,718800,0.0,1.0
2012-09-05,104.145,104.92,103.06,103.95,51.975,567900,0.0,1.0
2012-09-06,105.07,107.45,104.77,106.82,53.41,1052800,0.0,1.0
2012-09-07,106.98,109.042,105.86,108.82,54.41,1734000,0.0,1.0
2012-09-10,109.34,109.88,107.28,107.32,53.66,418600,0.0,1.0
2012-09-11,107.51,107.9899,105.9,105.99,52.995,665100,0.0,1.0
2012-09-12,106.11,106.72,105.64,105.65,52.825,1214600,0.0,1.0
2012-09-13,105.6,106.38,105.2,105.24,52.62,1305300,0.0,1.0
2012-09-14,105.96,106.204,104.8,105.1,52.55,681000,0.0,1.0
2012-09-17,104.56,104.95,103.73,104.0,52.0,1609400,0.0,1.0
2012-09-18,103.35,105.18,103.35,104.0,52.0,974900,0.0,1.0
2012-09-19,104.1,104.82,103.84,103.99,51.995,1100800,0.0,1.0
2012-09-20,103.7,104.0,102.53,103.49,51.745,674000,0.0,1.0
2012-09-21,104.51,106.26,104.19,105.85,52.925,1119900,0.0,1.0
2012-09-24,105.31,105.54,103.91,104.39,52.195,458500,0.0,1.0
2012-09-25,104.87,105.75,104.31,104.42,52.21,434500,0.0,1.0
2012-09-26,104.11,104.49,102.81,102.88,51.44,495100,0.0,1.0
2012-09-27,102.78,106.11,102.49,105.52,52.76,626300,0.0,1.0
2012-09-28,105.4,107.91,104.85,107.37,53.685,1196500,0.0,1.0
2012-10-01,107.33,109.31,106.864,107.77,53.885,684100,0.0,1.0
2012-10-02,107.95,109.5,107.59,108.03,54.015,449500,0.0,1.0
2012-10-03,108.53,109.46,107.55,109.37,54.685,591400,0.0,1.0
2012-10-04,109.72,110.79,109.18,109.75,54.875,378900,0.0,1.0
2012-10-05,109.88,109.97,108.24,108.45,54.225,440200,0.0,1.0
2012-10-08,108.33,108.41,106.74,107.41,53.705,765900,0.0,1.0
2012-10-09,89.56,89.59,84.57,84.6,42.3,8867400,0.0,1.0
2012-10-10,83.31,88.235,83.02,87.81,43.905,3780500,0.0,1.0
2012-10-11,88.06,88.82,85.89,86.18,43.09,1391200,0.0,1.0
2012-10-12,86.28,87.87,86.16,87.1,43.55,1383700,0.0,1.0
2012-10-15,87.65,87.95,86.17,87.29,43.645,1056400,0.0,1.0
2012-10-16,87.87,88.76,87.34,88.75,44.375,858700,0.0,1.0
2012-10-17,89.37,89.37,87.38,87.8,43.9,898700,0.0,1.0
2012-10-18,87.57,87.77,86.645,86.74,43.37,977700,0.0,1.0
2012-10-19,86.58,88.62,85.22,86.14,43.07,2919600,0.0,1.0
2012-10-22,85.37,86.52,81.29,86.51,43.255,2165100,0.0,1.0
2012-10-23,85.77,85.89,82.01,85.06,42.53,1493300,0.0,1.0
2012-10-24,85.7,86.5,84.7375,86.22,43.11,1053100,0.0,1.0
2012-10-25,87.6,87.6,85.81,86.99,43.495,945100,0.0,1.0
2012-10-26,86.82,87.45,86.18,87.15,43.575,771200,0.0,1.0
2012-10-31,87.01,87.55,85.79,86.83,43.415,1112100,0.0,1.0
2012-11-01,87.08,87.59,85.94,87.57,43.785,609800,0.0,1.0
2012-11-02,87.37,88.71,87.26,87.83,43.915,931900,0.0,1.0
2012-11-05,86.72,89.41,86.6601,89.4,44.7,736200,0.0,1.0
2012-11-06,89.44,90.68,88.9901,90.05,45.025,743200,0.0,1.0
2012-11-07,89.76,90.39,88.05,89.09,44.545,866900,0.0,1.0
2012-11-08,89.32,89.4,86.29,86.63,43.315,591600,0.0,1.0
2012-11-09,86.61,88.38,86.45,87.7,43.85,445400,0.0,1.0
2012-11-12,87.86,87.88,86.08,86.66,43.33,415700,0.0,1.0
2012-11-13,86.39,88.46,85.83,87.75,43.875,799100,0.0,1.0
2012-11-14,86.23,87.35,85.216,85.59,42.795,1068300,0.0,1.0
2012-11-15,85.37,86.44,84.862,86.27,43.135,1266400,0.0,1.0
2012-11-16,86.61,87.25,85.5,85.74,42.87,1269800,0.0,1.0
2012-11-19,86.17,86.3869,84.44,85.03,42.515,1618900,0.0,1.0
2012-11-20,85.17,86.03,84.58,85.18,42.59,1483500,0.0,1.0
2012-11-21,84.9,85.169,83.4001,83.7,41.85,1008600,0.0,1.0
2012-11-23,84.41,86.198,84.33,85.6,42.8,622000,0.0,1.0
2012-11-26,85.29,85.43,84.24,84.56,42.28,606300,0.0,1.0
2012-11-27,84.59,85.01,83.89,84.06,42.03,1180300,0.0,1.0
2012-11-28,83.59,84.19,83.08,83.98,41.99,1031000,0.0,1.0
2012-11-29,84.46,85.51,83.83,83.94,41.97,998300,0.0,1.0
2012-11-30,84.41,86.97,83.9925,86.77,43.385,1153100,0.0,1.0
2012-12-03,86.88,87.53,85.6,86.52,43.26,1321300,0.0,1.0
2012-12-04,89.02,92.11,87.57,91.5,45.75,2621000,0.0,1.0
2012-12-05,91.44,91.65,90.43,90.6,45.3,1599200,0.0,1.0
2012-12-06,90.63,91.72,89.9,91.12,45.56,962500,0.0,1.0
2012-12-07,91.32,92.29,90.95,91.36,45.68,901300,0.0,1.0
2012-12-10,91.06,93.33,90.89,92.08,46.04,1815700,0.0,1.0
2012-12-11,91.67,93.19,91.39,91.74,45.87,852000,0.0,1.0
2012-12-12,91.95,92.55,90.39,90.59,45.295,953100,0.0,1.0
2012-12-13,90.49,91.26,90.24,90.49,45.245,452300,0.0,1.0
2012-12-14,90.15,91.59,90.15,91.02,45.51,808600,0.0,1.0
2012-12-17,91.1,91.91,90.32,91.87,45.935,583100,0.0,1.0
2012-12-18,91.86,92.0,91.15,91.95,45.975,562200,0.0,1.0
2012-12-19,92.12,92.43,91.85,92.0,46.0,487800,0.0,1.0
2012-12-20,91.91,92.64,91.5,92.3,46.15,433200,0.0,1.0
2012-12-21,91.86,92.81,91.78,92.11,46.055,873000,0.0,1.0
2012-12-24,92.27,92.49,91.1,91.79,45.895,217400,0.0,1.0
2012-12-26,91.81,92.1,90.3,90.35,45.175,383500,0.0,1.0
2012-12-27,90.53,91.31,90.03,91.05,45.525,502700,0.0,1.0
2012-12-28,90.79,91.18,89.13,89.27,44.635,500700,0.0,1.0
2012-12-31,89.17,90.2,88.74,90.17,45.085,507500,0.0,1.0
2013-01-02,91.92,92.59,91.23,92.14,46.07,738900,0.0,1.0
2013-01-03,92.08,92.91,92.01,92.52,46.26,589900,0.0,1.0
2013-01-04,92.77,93.15,91.5,92.65,46.325,983600,0.0,1.0
2013-01-07,91.79,94.98,91.582,94.5,47.25,790400,0.0,1.0
2013-01-08,94.2,94.62,92.2,92.57,46.285,1156300,0.0,1.0
2013-01-09,93.21,93.46,92.055,93.2,46.6,797100,0.0,1.0
2013-01-10,93.48,93.5,91.97,92.03,46.015,683800,0.0,1.0
2013-01-11,92.34,93.0,91.59,91.79,45.895,492200,0.0,1.0
2013-01-14,91.68,91.78,90.63,91.4,45.7,430800,0.0,1.0
2013-01-15,91.19,91.65,89.62,90.07,45.035,863000,0.0,1.0
2013-01-16,89.98,91.91,89.778,91.31,45.655,911400,0.0,1.0
2013-01-17,91.61,92.06,90.82,91.51,45.755,610600,0.0,1.0
2013-01-18,91.73,94.61,91.73,94.56,47.28,1077700,0.0,1.0
2013-01-22,94.15,94.37,91.93,91.97,45.985,751700,0.0,1.0
2013-01-23,92.27,92.505,90.5,90.69,45.345,877900,0.0,1.0
2013-01-24,90.78,91.75,90.72,91.61,45.805,787300,0.0,1.0
2013-01-25,91.64,92.39,90.81,92.09,46.045,544100,0.0,1.0
2013-01-28,92.24,92.38,90.41,90.54,45.27,551300,0.0,1.0
2013-01-29,90.76,91.13,90.125,90.4,45.2,893800,0.0,1.0
2013-01-30,90.5,90.95,89.95,90.06,45.03,1032800,0.0,1.0
2013-01-31,90.26,90.65,89.695,89.93,44.965,1106400,0.0,1.0
2013-02-01,91.7,93.54,90.37,93.41,46.705,1266300,0.0,1.0
2013-02-04,91.95,93.98,91.5111,93.06,46.53,1278600,0.0,1.0
2013-02-05,89.66,90.86,86.36,86.75,43.375,4330600,0.0,1.0
2013-02-06,86.15,86.8,83.96,86.8,43.4,3212200,0.0,1.0
2013-02-07,86.8,86.91,84.47,86.0,43.0,1616400,0.0,1.0
2013-02-08,86.37,87.32,85.62,87.22,43.61,1758700,0.0,1.0
2013-02-11,87.02,87.41,85.64,87.05,43.525,1153900,0.0,1.0
2013-02-12,87.04,87.71,86.38,87.42,43.71,1019000,0.0,1.0
2013-02-13,87.46,87.94,86.41,87.06,43.53,779900,0.0,1.0
2013-02-14,86.97,87.2,86.07,86.35,43.175,694800,0.0,1.0
2013-02-15,86.62,86.76,85.74,86.36,43.18,688900,0.0,1.0
2013-02-19,86.55,86.96,86.03,86.7,43.35,873400,0.0,1.0
2013-02-20,86.54,86.96,86.31,86.39,43.195,737900,0.0,1.0
2013-02-21,86.05,86.8,85.1,85.68,42.84,1034500,0.0,1.0
2013-02-22,85.8,86.45,85.28,86.37,43.185,685000,0.0,1.0
2013-02-25,86.54,88.7395,86.46,86.5,43.25,1215600,0.0,1.0
2013-02-26,86.68,87.17,85.9101,86.8,43.4,841100,0.0,1.0
2013-02-27,86.58,86.9777,85.236,86.43,43.215,1013300,0.0,1.0
2013-02-28,86.52,87.39,85.8,85.93,42.965,957600,0.0,1.0
2013-03-01,85.76,86.9801,85.0,86.1,43.05,1137900,0.0,1.0
2013-03-04,85.91,86.61,85.715,86.6,43.3,739700,0.0,1.0
2013-03-05,86.67,87.8,86.61,87.62,43.81,594400,0.0,1.0
2013-03-06,87.74,88.97,87.57,88.9,44.45,1071500,0.0,1.0
2013-03-07,88.57,89.24,88.46,88.91,44.455,760000,0.0,1.0
2013-03-08,89.28,90.31,88.84,90.3,45.15,878100,0.0,1.0
2013-03-11,89.46,89.46,87.192,88.07,44.035,1737900,0.0,1.0
2013-03-12,88.46,88.46,87.43,87.97,43.985,738200,0.0,1.0
2013-03-13,88.08,88.25,87.29,87.36,43.68,617500,0.0,1.0
2013-03-14,87.87,87.87,85.24,85.38,42.69,987500,0.0,1.0
2013-03-15,83.95,84.92,82.035,82.19,41.095,2078800,0.0,1.0
2013-03-18,81.83,82.05,81.018,81.21,40.605,615800,0.0,1.0
2013-03-19,81.14,81.37,78.1,78.66,39.33,2565000,0.0,1.0
2013-03-20,79.0,81.18,78.915,80.93,40.465,1846100,0.0,1.0
2013-03-21,80.74,82.18,80.7,81.92,40.96,1121500,0.0,1.0
2013-03-22,81.7,82.93,81.52,82.19,41.095,1320600,0.0,1.0
2013-03-25,82.37,82.53,80.91,81.71,40.855,932800,0.0,1.0
2013-03-26,81.92,82.25,81.5,81.98,40.99,429900,0.0,1.0
2013-03-27,81.53,82.39,81.21,81.69,40.845,525200,0.0,1.0
2013-03-28,81.8,82.79,81.47,82.16,41.08,879700,0.0,1.0
2013-04-01,82.21,83.14,82.05,82.29,41.145,540900,0.0,1.0
2013-04-02,82.5,83.49,82.48,83.15,41.575,1013400,0.0,1.0
2013-04-03,83.2,83.76,82.93,83.42,41.71,715200,0.0,1.0
2013-04-04,83.48,83.81,82.28,82.42,41.21,795500,0.0,1.0
2013-04-05,81.8,82.3,81.17,81.4,40.7,832000,0.0,1.0
2013-04-08,81.29,81.77,81.06,81.62,40.81,1016500,0.0,1.0
2013-04-09,81.83,83.89,81.83,83.59,41.795,878600,0.0,1.0
2013-04-10,83.66,83.95,82.52,83.08,41.54,776000,0.0,1.0
2013-04-11,83.22,84.59,83.14,83.82,41.91,775700,0.0,1.0
2013-04-12,83.79,84.84,83.79,84.8,42.4,969500,0.0,1.0
2013-04-15,84.6,85.15,83.5,83.66,41.83,950400,0.0,1.0
2013-04-16,83.95,84.99,83.59,84.93,42.465,781800,0.0,1.0
2013-04-17,84.57,84.86,82.47,83.89,41.945,986500,0.0,1.0
2013-04-18,83.97,84.42,82.43,82.75,41.375,668900,0.0,1.0
2013-04-19,83.06,83.72,82.35,83.12,41.56,845800,0.0,1.0
2013-04-22,83.31,83.7,82.85,83.63,41.815,1241600,0.0,1.0
2013-04-23,84.02,86.11,82.17,82.81,41.405,2561000,0.0,1.0
2013-04-24,66.55,66.6,63.5,64.6,32.3,11493400,0.0,1.0
2013-04-25,65.74,66.13,65.35,65.39,32.695,4134500,0.0,1.0
2013-04-26,65.33,65.86,64.04,64.17,32.085,1500700,0.0,1.0
2013-04-29,64.48,64.74,63.88,64.28,32.14,1337000,0.0,1.0
2013-04-30,64.42,64.6499,62.99,63.79,31.895,1902500,0.0,1.0
2013-05-01,63.52,63.97,62.34,62.54,31.27,1614900,0.0,1.0
2013-05-02,62.78,64.68,62.78,64.19,32.095,1521500,0.0,1.0
2013-05-03,64.51,64.51,62.95,63.21,31.605,1371700,0.0,1.0
2013-05-06,63.14,64.15,62.9,63.66,31.83,1084700,0.0,1.0
2013-05-07,63.9,64.04,63.215,63.99,31.995,1502700,0.0,1.0
2013-05-08,64.0,65.5,63.61,65.45,32.725,1605300,0.0,1.0
2013-05-09,65.43,67.46,65.11,66.73,33.365,1434000,0.0,1.0
2013-05-10,66.64,67.97,66.55,67.87,33.935,1224400,0.0,1.0
2013-05-13,67.67,68.25,67.27,67.34,33.67,1082700,0.0,1.0
2013-05-14,69.02,72.0,68.74,71.57,35.785,2782100,0.0,1.0
2013-05-15,71.57,72.4,70.68,71.14,35.57,1410100,0.0,1.0
2013-05-16,70.85,70.85,67.75,68.61,34.305,1995300,0.0,1.0
2013-05-17,68.68,69.23,66.41,67.06,33.53,2041900,0.0,1.0
2013-05-20,67.0,67.0,64.75,66.37,33.185,2338500,0.0,1.0
2013-05-21,66.24,66.32,64.89,66.0,33.0,1990700,0.0,1.0
2013-05-22,65.95,66.95,64.07,64.3,32.15,2092400,0.0,1.0
2013-05-23,63.97,66.3,63.95,65.72,32.86,1462500,0.0,1.0
2013-05-24,65.7199,66.16,64.89,65.53,32.765,1169500,0.0,1.0
2013-05-28,66.22,66.62,64.78,65.19,32.595,1266700,0.0,1.0
2013-05-29,64.6,64.96,63.54,64.22,32.11,1063700,0.0,1.0
2013-05-30,64.41,65.34,64.29,64.95,32.475,1280900,0.0,1.0
2013-05-31,64.65,67.29,64.25,66.46,33.23,2061900,0.0,1.0
2013-06-03,66.62,66.7,65.55,66.24,33.12,1369200,0.0,1.0
2013-06-04,65.78,66.35,64.91,65.4,32.7,1149200,0.0,1.0
2013-06-05,65.11,66.89,65.11,66.57,33.285,1387300,0.0,1.0
2013-06-06,66.35,66.95,65.47,66.5,33.25,1377900,0.0,1.0
2013-06-07,66.85,67.24,66.35,67.2,33.6,1235800,0.0,1.0
2013-06-10,68.3,69.79,68.0,69.45,34.725,1582600,0.0,1.0
2013-06-11,68.8,69.03,68.05,68.29,34.145,1020400,0.0,1.0
2013-06-12,68.74,69.3,67.47,68.27,34.135,886200,0.0,1.0
2013-06-13,68.7,72.64,68.7,71.95,35.975,1995900,0.0,1.0
2013-06-14,70.69,71.5,69.62,70.0,35.0,1595000,0.0,1.0
2013-06-17,70.38,70.68,70.08,70.48,35.24,814500,0.0,1.0
2013-06-18,70.47,70.6099,69.69,70.16,35.08,790200,0.0,1.0
2013-06-19,70.27,70.56,68.81,68.82,34.41,907500,0.0,1.0
2013-06-20,68.39,68.49,66.6,66.69,33.345,798000,0.0,1.0
2013-06-21,67.14,67.75,65.98,66.45,33.225,1436900,0.0,1.0
2013-06-24,66.32,66.76,64.36,66.35,33.175,1399600,0.0,1.0
2013-06-25,66.97,67.51,66.17,67.19,33.595,757200,0.0,1.0
2013-06-26,67.71,68.09,66.2,66.23,33.115,537400,0.0,1.0
2013-06-27,66.56,67.46,66.51,66.82,33.41,481100,0.0,1.0
2013-06-28,66.8,67.84,66.73,67.2,33.6,972200,0.0,1.0
2013-07-01,67.32,67.8,66.82,67.06,33.53,791000,0.0,1.0
2013-07-02,66.83,67.076,65.62,66.06,33.03,1253500,0.0,1.0
2013-07-03,65.93,65.96,65.15,65.25,32.625,410100,0.0,1.0
2013-07-05,65.53,66.62,65.37,66.6,33.3,472800,0.0,1.0
2013-07-08,67.03,67.65,66.554,66.81,33.405,803900,0.0,1.0
2013-07-09,67.04,67.33,65.55,65.74,32.87,1214500,0.0,1.0
2013-07-10,65.57,65.94,65.03,65.47,32.735,1052900,0.0,1.0
2013-07-11,66.19,66.4599,65.34,65.79,32.895,1405900,0.0,1.0
2013-07-12,68.57,69.14,67.1,67.85,33.925,2240300,0.0,1.0
2013-07-15,67.71,67.89,66.09,67.44,33.72,1294400,0.0,1.0
2013-07-16,67.45,67.8,66.35,66.41,33.205,1332500,0.0,1.0
2013-07-17,66.65,67.17,66.43,66.47,33.235,815300,0.0,1.0
2013-07-18,67.87,68.1697,66.2,67.01,33.505,1065500,0.0,1.0
2013-07-19,66.95,68.34,66.69,68.25,34.125,984200,0.0,1.0
2013-07-22,68.33,69.83,68.11,69.61,34.805,1146200,0.0,1.0
2013-07-23,69.66,71.03,69.0,70.86,35.43,1556200,0.0,1.0
2013-07-24,71.01,71.4,69.58,70.18,35.09,1925500,0.0,1.0
2013-07-25,70.16,70.86,69.656,70.68,35.34,1370800,0.0,1.0
2013-07-26,70.57,73.31,69.75,71.8,35.9,2351400,0.0,1.0
2013-07-29,71.79,72.135,70.02,71.01,35.505,1236400,0.0,1.0
2013-07-30,71.02,71.44,70.33,70.51,35.255,806700,0.0,1.0
2013-07-31,70.71,72.0,70.4368,71.38,35.69,1044000,0.0,1.0
2013-08-01,72.2,73.73,72.16,73.4,36.7,1199800,0.0,1.0
2013-08-02,73.15,73.43,72.38,72.61,36.305,751300,0.0,1.0
2013-08-05,72.3,73.12,72.19,72.81,36.405,575000,0.0,1.0
2013-08-06,72.79,73.2,71.97,72.21,36.105,785600,0.0,1.0
2013-08-07,72.0,72.31,71.4425,72.02,36.01,649900,0.0,1.0
2013-08-08,72.29,73.04,71.64,72.83,36.415,584200,0.0,1.0
2013-08-09,72.7,73.32,72.2101,72.67,36.335,525600,0.0,1.0
2013-08-12,72.4,72.79,72.01,72.32,36.16,488600,0.0,1.0
2013-08-13,72.46,72.73,71.6,72.02,36.01,582100,0.0,1.0
2013-08-14,71.95,72.99,71.95,72.77,36.385,686500,0.0,1.0
2013-08-15,72.31,72.31,70.6,71.31,35.655,871000,0.0,1.0
2013-08-16,70.92,71.03,69.65,70.01,35.005,712100,0.0,1.0
2013-08-19,70.09,70.25,69.44,69.47,34.735,934600,0.0,1.0
2013-08-20,69.5,70.92,69.39,70.46,35.23,860900,0.0,1.0
2013-08-21,70.6,72.61,70.6,71.7,35.85,1281900,0.0,1.0
2013-08-22,71.76,72.93,71.74,72.3,36.15,1145100,0.0,1.0
2013-08-23,72.79,73.23,72.65,72.94,36.47,1159700,0.0,1.0
2013-08-26,72.98,73.49,72.72,72.99,36.495,843500,0.0,1.0
2013-08-27,72.4,72.43,71.11,71.17,35.585,756800,0.0,1.0
2013-08-28,71.09,71.57,70.29,70.51,35.255,789100,0.0,1.0
2013-08-29,70.31,70.93,70.25,70.69,35.345,563000,0.0,1.0
2013-08-30,70.68,70.96,70.13,70.38,35.19,729000,0.0,1.0
2013-09-03,71.1,71.53,70.14,70.56,35.28,958500,0.0,1.0
2013-09-04,70.49,71.44,70.38,71.36,35.68,841700,0.0,1.0
2013-09-05,71.24,72.31,71.24,71.79,35.895,699000,0.0,1.0
2013-09-06,72.16,72.27,71.41,71.47,35.735,998000,0.0,1.0
2013-09-09,71.6,71.92,71.48,71.72,35.86,1028000,0.0,1.0
2013-09-10,72.15,72.61,71.86,72.11,36.055,593400,0.0,1.0
2013-09-11,72.24,72.515,72.02,72.39,36.195,798000,0.0,1.0
2013-09-12,72.29,72.3,71.62,71.7,35.85,507100,0.0,1.0
2013-09-13,71.62,71.89,71.23,71.61,35.805,645300,0.0,1.0
2013-09-16,72.38,72.5,71.5,71.62,35.81,715400,0.0,1.0
2013-09-17,71.57,72.46,71.31,71.75,35.875,659600,0.0,1.0
2013-09-18,71.59,71.75,69.88,70.84,35.42,2282200,0.0,1.0
2013-09-19,71.15,71.15,70.46,70.71,35.355,625400,0.0,1.0
2013-09-20,70.63,70.915,69.92,70.03,35.015,1112000,0.0,1.0
2013-09-23,69.93,70.22,69.12,69.27,34.635,6497700,0.0,1.0
2013-09-24,69.25,70.0,69.25,69.69,34.845,1883800,0.0,1.0
2013-09-25,70.0,70.06,68.42,68.45,34.225,2675500,0.0,1.0
2013-09-26,68.67,69.0,67.54,68.58,34.29,3062500,0.0,1.0
2013-09-27,68.33,69.44,68.09,68.79,34.395,1583100,0.0,1.0
2013-09-30,67.86,69.66,67.73,69.63,34.815,1638200,0.0,1.0
2013-10-01,69.99,71.31,69.77,71.31,35.655,3296900,0.0,1.0
2013-10-02,71.12,71.91,70.93,71.83,35.915,1642700,0.0,1.0
2013-10-03,71.91,72.84,71.11,72.19,36.095,1493900,0.0,1.0
2013-10-04,72.19,73.1,72.17,72.81,36.405,989600,0.0,1.0
2013-10-07,72.26,73.0,71.88,72.58,36.29,959100,0.0,1.0
2013-10-08,72.43,73.0,72.38,72.39,36.195,1241100,0.0,1.0
2013-10-09,72.47,73.4,72.39,72.88,36.44,1185000,0.0,1.0
2013-10-10,73.63,73.76,72.73,73.74,36.87,863500,0.0,1.0
2013-10-11,73.42,74.1079,73.18,73.98,36.99,623500,0.0,1.0
2013-10-14,73.59,74.92,73.4901,74.91,37.455,817000,0.0,1.0
2013-10-15,74.68,75.46,74.46,75.03,37.515,1373600,0.0,1.0
2013-10-16,76.85,76.91,75.98,76.67,38.335,1357100,0.0,1.0
2013-10-17,76.59,77.1199,76.43,77.07,38.535,715000,0.0,1.0
2013-10-18,77.22,77.24,76.32,77.2,38.6,715200,0.0,1.0
2013-10-21,77.32,77.9,77.206,77.79,38.895,892100,0.0,1.0
2013-10-22,77.89,78.67,77.83,78.12,39.06,1051300,0.0,1.0
2013-10-23,78.05,78.89,77.85,78.14,39.07,1153400,0.0,1.0
2013-10-24,78.24,78.64,76.67,77.46,38.73,885700,0.0,1.0
2013-10-25,77.43,77.87,76.83,77.06,38.53,913000,0.0,1.0
2013-10-28,73.15,75.06,71.81,73.24,36.62,3927600,0.0,1.0
2013-10-29,73.16,74.02,68.39,69.86,34.93,6303700,0.0,1.0
2013-10-30,67.39,67.4,65.73,66.29,33.145,5185100,0.0,1.0
2013-10-31,66.15,66.268,64.88,65.19,32.595,3364100,0.0,1.0
2013-11-01,65.44,65.65,64.03,64.27,32.135,1578000,0.0,1.0
2013-11-04,64.29,64.37,62.83,63.25,31.625,2419100,0.0,1.0
2013-11-05,63.24,63.24,62.17,62.35,31.175,1675500,0.0,1.0
2013-11-06,62.5,63.16,62.2701,62.56,31.28,1463500,0.0,1.0
2013-11-07,62.83,64.13,62.61,63.61,31.805,1421300,0.0,1.0
2013-11-08,63.65,64.34,63.321,64.26,32.13,977200,0.0,1.0
2013-11-11,64.35,64.6799,63.96,64.06,32.03,537700,0.0,1.0
2013-11-12,63.82,64.1,63.29,63.64,31.82,957900,0.0,1.0
2013-11-13,63.31,63.95,63.3,63.68,31.84,814500,0.0,1.0
2013-11-14,63.68,64.52,62.93,63.57,31.785,1301200,0.0,1.0
2013-11-15,63.51,64.99,63.51,64.99,32.495,899000,0.0,1.0
2013-11-18,64.93,65.31,63.86,63.97,31.985,964700,0.0,1.0
2013-11-19,63.97,64.21,63.51,63.84,31.92,729900,0.0,1.0
2013-11-20,63.59,63.7,62.55,62.96,31.48,1743400,0.0,1.0
2013-11-21,63.22,65.12,63.01,64.72,32.36,1323600,0.0,1.0
2013-11-22,64.72,65.23,64.28,64.86,32.43,992300,0.0,1.0
2013-11-25,64.85,65.24,64.12,64.75,32.375,2014500,0.0,1.0
2013-11-26,64.75,65.02,64.38,64.7,32.35,807100,0.0,1.0
2013-11-27,64.92,65.38,64.61,65.3,32.65,564800,0.0,1.0
2013-11-29,65.47,65.93,65.4,65.53,32.765,623100,0.0,1.0
2013-12-02,65.67,65.94,65.19,65.47,32.735,1053000,0.0,1.0
2013-12-03,65.09,65.364,64.67,65.13,32.565,841000,0.0,1.0
2013-12-04,65.09,65.19,64.52,64.87,32.435,836000,0.0,1.0
2013-12-05,64.86,65.49,64.6101,65.21,32.605,618400,0.0,1.0
2013-12-06,65.35,66.51,65.22,66.29,33.145,863800,0.0,1.0
2013-12-09,62.57,64.33,61.91,62.73,31.365,5914700,0.0,1.0
2013-12-10,61.81,63.03,61.62,62.53,31.265,2254100,0.0,1.0
2013-12-11,62.34,62.47,61.56,61.9,30.95,1503700,0.0,1.0
2013-12-12,61.67,62.0,61.36,61.62,30.81,1417300,0.0,1.0
2013-12-13,61.7,61.99,60.62,61.44,30.72,1750400,0.0,1.0
2013-12-16,61.57,62.88,61.57,62.84,31.42,1981800,0.0,1.0
2013-12-17,62.79,63.03,61.76,62.73,31.365,1534700,0.0,1.0
2013-12-18,62.75,63.83,62.555,63.75,31.875,1051700,0.0,1.0
2013-12-19,63.42,64.14,62.91,63.97,31.985,1136200,0.0,1.0
2013-12-20,64.17,65.19,64.05,65.19,32.595,1650100,0.0,1.0
2013-12-23,65.2,65.52,64.84,65.51,32.755,874100,0.0,1.0
2013-12-24,65.16,65.74,65.1,65.62,32.81,253900,0.0,1.0
2013-12-26,65.78,65.78,64.95,65.39,32.695,805700,0.0,1.0
2013-12-27,65.43,66.35,65.13,66.01,33.005,710200,0.0,1.0
2013-12-30,66.0,66.0,65.21,65.68,32.84,565000,0.0,1.0
2013-12-31,65.69,65.87,65.04,65.76,32.88,645700,0.0,1.0
2014-01-02,65.68,66.44,65.19,65.92,32.96,834000,0.0,1.0
2014-01-03,66.03,67.595,66.02,67.26,33.63,1326900,0.0,1.0
2014-01-06,66.92,67.25,65.83,66.36,33.18,1890800,0.0,1.0
2014-01-07,66.37,67.48,66.3,67.25,33.625,905300,0.0,1.0
2014-01-08,67.26,67.45,66.585,66.74,33.37,1300700,0.0,1.0
2014-01-09,66.89,68.47,66.42,68.41,34.205,899100,0.0,1.0
2014-01-10,68.3,68.56,67.81,68.48,34.24,1137500,0.0,1.0
2014-01-13,68.24,69.56,68.24,68.74,34.37,1014300,0.0,1.0
2014-01-14,69.11,70.75,69.0,70.6,35.3,1310200,0.0,1.0
2014-01-15,70.42,73.48,69.88,71.89,35.945,2724500,0.0,1.0
2014-01-16,72.5,73.4,72.15,72.67,36.335,2090900,0.0,1.0
2014-01-17,72.89,72.95,68.24,68.54,34.27,3936900,0.0,1.0
2014-01-21,68.96,70.29,67.6029,69.72,34.86,2653400,0.0,1.0
2014-01-22,69.98,70.1,68.14,68.23,34.115,2270100,0.0,1.0
2014-01-23,68.02,68.86,68.02,68.29,34.145,898300,0.0,1.0
2014-01-24,68.05,69.04,67.78,68.81,34.405,1686700,0.0,1.0
2014-01-27,68.43,68.71,65.12,66.38,33.19,1905700,0.0,1.0
2014-01-28,66.52,66.93,65.892,66.28,33.14,967400,0.0,1.0
2014-01-29,65.86,66.15,64.99,65.15,32.575,1362500,0.0,1.0
2014-01-30,65.9,65.98,65.04,65.48,32.74,902500,0.0,1.0
2014-01-31,64.71,65.29,64.08,65.12,32.56,1510600,0.0,1.0
2014-02-03,65.29,65.47,63.04,64.17,32.085,2322700,0.0,1.0
2014-02-04,64.03,66.2,63.25,65.74,32.87,3158400,0.0,1.0
2014-02-05,65.41,67.83,65.41,66.53,33.265,2007100,0.0,1.0
2014-02-06,66.7,67.45,66.03,66.6,33.3,1070000,0.0,1.0
2014-02-07,66.85,67.84,66.83,66.94,33.47,1103600,0.0,1.0
2014-02-10,67.0,67.24,66.82,67.01,33.505,1202800,0.0,1.0
2014-02-11,66.93,67.09,66.46,66.95,33.475,1016200,0.0,1.0
2014-02-12,67.0,67.03,66.445,66.71,33.355,1014200,0.0,1.0
2014-02-13,66.52,67.515,66.25,67.19,33.595,1072000,0.0,1.0
2014-02-14,67.38,69.14,66.8,67.53,33.765,2150600,0.0,1.0
2014-02-18,67.66,67.91,66.54,67.59,33.795,1101100,0.0,1.0
2014-02-19,67.45,67.98,66.955,67.02,33.51,719300,0.0,1.0
2014-02-20,66.98,68.23,66.71,68.1,34.05,754600,0.0,1.0
2014-02-21,68.16,69.04,68.1,68.24,34.12,991900,0.0,1.0
2014-02-24,68.21,69.58,68.21,68.9,34.45,915000,0.0,1.0
2014-02-25,68.76,68.87,67.73,67.86,33.93,714300,0.0,1.0
2014-02-26,67.88,68.55,67.57,67.85,33.925,591300,0.0,1.0
2014-02-27,67.74,68.49,66.86,68.23,34.115,953100,0.0,1.0
2014-02-28,68.2,70.83,68.16,69.76,34.88,1515400,0.0,1.0
2014-03-03,69.37,69.59,68.76,69.02,34.51,1233200,0.0,1.0
2014-03-04,69.49,70.45,69.21,70.35,35.175,1049100,0.0,1.0
2014-03-05,69.75,72.62,69.54,72.51,36.255,1534000,0.0,1.0
2014-03-06,72.41,74.2,71.81,72.3,36.15,1896000,0.0,1.0
2014-03-07,72.7,72.7,71.71,72.07,36.035,958600,0.0,1.0
2014-03-10,72.91,73.35,72.61,73.06,36.53,1513300,0.0,1.0
2014-03-11,73.02,73.66,72.65,73.19,36.595,575400,0.0,1.0
2014-03-12,72.94,73.96,72.54,73.86,36.93,692100,0.0,1.0
2014-03-13,73.98,73.98,71.9,72.0,36.0,631800,0.0,1.0
2014-03-14,71.87,72.85,71.71,72.14,36.07,1046200,0.0,1.0
2014-03-17,72.59,72.84,72.07,72.37,36.185,688800,0.0,1.0
2014-03-18,72.47,73.4,72.44,72.93,36.465,536400,0.0,1.0
2014-03-19,72.94,74.615,72.825,73.93,36.965,1012700,0.0,1.0
2014-03-20,73.82,74.05,72.535,73.03,36.515,695700,0.0,1.0
2014-03-21,73.62,73.9,71.74,72.13,36.065,1246500,0.0,1.0
2014-03-24,72.33,72.67,70.34,70.94,35.47,1154500,0.0,1.0
2014-03-25,71.03,72.36,71.03,72.31,36.155,974300,0.0,1.0
2014-03-26,72.76,73.73,72.5,73.14,36.57,1096700,0.0,1.0
2014-03-27,72.78,73.41,70.89,71.26,35.63,1091600,0.0,1.0
2014-03-28,71.275,71.98,70.29,71.16,35.58,2524400,0.0,1.0
2014-03-31,73.8,75.62,72.04,74.17,37.085,4056700,0.0,1.0
2014-04-01,74.77,74.985,73.45,74.22,37.11,750200,0.0,1.0
2014-04-02,74.41,74.89,73.66,74.79,37.395,835900,0.0,1.0
2014-04-03,74.92,75.33,74.26,75.19,37.595,1173500,0.0,1.0
2014-04-04,75.39,76.49,74.09,74.25,37.125,748000,0.0,1.0
2014-04-07,74.03,74.21,73.32,73.7,36.85,1068400,0.0,1.0
2014-04-08,73.72,74.74,73.56,74.64,37.32,885100,0.0,1.0
2014-04-09,74.88,75.189,74.11,74.99,37.495,1354300,0.0,1.0
2014-04-10,74.5,75.46,74.1,74.5,37.25,1472400,0.0,1.0
2014-04-11,74.17,74.35,72.79,72.97,36.485,1487600,0.0,1.0
2014-04-14,81.93,84.4,80.73,81.0,40.5,7225100,0.0,1.0
2014-04-15,81.32,81.89,78.09,80.72,40.36,1977900,0.0,1.0
2014-04-16,80.93,81.23,79.2,80.43,40.215,1189400,0.0,1.0
2014-04-17,80.01,81.69,79.2625,81.29,40.645,2133400,0.0,1.0
2014-04-21,81.35,81.66,77.16,79.12,39.56,2480600,0.0,1.0
2014-04-22,79.13,80.37,78.69,79.74,39.87,1491700,0.0,1.0
2014-04-23,79.73,80.43,79.4,79.92,39.96,1059400,0.0,1.0
2014-04-24,80.4,80.45,78.52,80.27,40.135,953000,0.0,1.0
2014-04-25,79.7,82.0,78.86,80.5,40.25,1368000,0.0,1.0
2014-04-28,80.74,81.43,80.01,81.18,40.59,796600,0.0,1.0
2014-04-29,81.47,81.87,80.88,81.3,40.65,828100,0.0,1.0
2014-04-30,81.44,81.83,80.86,81.47,40.735,959900,0.0,1.0
2014-05-01,81.27,82.72,81.2,82.42,41.21,1005600,0.0,1.0
2014-05-02,82.24,82.55,81.73,82.31,41.155,604500,0.0,1.0
2014-05-05,81.73,83.95,81.69,83.92,41.96,1000200,0.0,1.0
2014-05-06,82.91,83.59,82.69,83.26,41.63,675200,0.0,1.0
2014-05-07,83.31,83.81,82.7,83.76,41.88,832900,0.0,1.0
2014-05-08,83.85,84.72,83.36,83.88,41.94,774700,0.0,1.0
2014-05-09,83.83,85.5,83.33,85.39,42.695,848100,0.0,1.0
2014-05-12,85.6,86.31,85.58,86.19,43.095,529100,0.0,1.0
2014-05-13,86.32,86.5232,85.52,86.11,43.055,496200,0.0,1.0
2014-05-14,86.11,86.39,85.65,86.02,43.01,470700,0.0,1.0
2014-05-15,86.0,86.59,85.59,85.87,42.935,1325400,0.0,1.0
2014-05-16,85.85,86.75,85.66,86.03,43.015,712800,0.0,1.0
2014-05-19,85.72,86.63,85.58,86.48,43.24,729200,0.0,1.0
2014-05-20,87.03,87.03,84.08,85.15,42.575,1757200,0.0,1.0
2014-05-21,85.8,86.39,83.94,84.98,42.49,1116400,0.0,1.0
2014-05-22,85.1,85.23,81.02,81.4,40.7,2209200,0.0,1.0
2014-05-23,81.71,81.865,79.53,80.77,40.385,1894800,0.0,1.0
2014-05-27,80.96,81.3,78.86,79.5,39.75,1925900,0.0,1.0
2014-05-28,79.85,80.71,78.97,80.36,40.18,1605700,0.0,1.0
2014-05-29,80.77,81.36,80.37,80.54,40.27,597700,0.0,1.0
2014-05-30,80.6,81.99,80.2401,81.2,40.6,924000,0.0,1.0
2014-06-02,81.12,81.37,79.93,80.66,40.33,894400,0.0,1.0
2014-06-03,80.31,81.25,80.22,80.58,40.29,534800,0.0,1.0
2014-06-04,80.27,81.04,80.04,80.48,40.24,552400,0.0,1.0
2014-06-05,80.73,81.42,80.0,80.42,40.21,906400,0.0,1.0
2014-06-06,80.75,80.97,80.23,80.4,40.2,551900,0.0,1.0
2014-06-09,80.22,80.88,79.81,80.81,40.405,600000,0.0,1.0
2014-06-10,81.93,82.29,80.1,80.71,40.355,772600,0.0,1.0
2014-06-11,81.48,82.97,81.01,82.51,41.255,1284400,0.0,1.0
2014-06-12,82.25,82.49,79.89,79.89,39.945,1896900,0.0,1.0
2014-06-13,80.07,80.165,78.15,78.36,39.18,1540300,0.0,1.0
2014-06-16,79.03,80.85,78.12,78.44,39.22,1205200,0.0,1.0
2014-06-17,81.75,83.7,81.03,82.06,41.03,2122300,0.0,1.0
2014-06-18,82.0,82.95,81.57,82.9,41.45,748400,0.0,1.0
2014-06-19,82.7,84.11,82.4882,84.08,42.04,816000,0.0,1.0
2014-06-20,84.27,85.33,83.91,85.3,42.65,1627300,0.0,1.0
2014-06-23,85.09,86.19,85.08,85.65,42.825,876100,0.0,1.0
2014-06-24,84.96,85.88,84.76,84.8,42.4,598000,0.0,1.0
2014-06-25,85.0,86.38,84.47,84.71,42.355,670100,0.0,1.0
2014-06-26,84.92,85.94,84.79,85.91,42.955,425500,0.0,1.0
2014-06-27,85.76,88.19,85.7,87.86,43.93,1504800,0.0,1.0
2014-06-30,87.65,87.88,85.72,85.84,42.92,958200,0.0,1.0
2014-07-01,86.09,87.25,86.09,87.14,43.57,738900,0.0,1.0
2014-07-02,87.05,87.97,87.02,87.76,43.88,570000,0.0,1.0
2014-07-03,87.72,88.2,87.5,88.09,44.045,658400,0.0,1.0
2014-07-07,87.47,87.79,87.0275,87.43,43.715,440600,0.0,1.0
2014-07-08,87.08,87.38,86.67,86.94,43.47,504400,0.0,1.0
2014-07-09,87.11,87.92,86.96,87.89,43.945,365000,0.0,1.0
2014-07-10,87.07,88.24,86.76,88.15,44.075,418400,0.0,1.0
2014-07-11,87.89,88.41,87.02,87.94,43.97,561600,0.0,1.0
2014-07-14,88.34,88.34,86.315,86.79,43.395,924100,0.0,1.0
2014-07-15,86.99,87.72,86.565,87.54,43.77,995000,0.0,1.0
2014-07-16,87.57,87.725,86.24,86.4,43.2,689500,0.0,1.0
2014-07-17,86.01,87.03,84.99,85.04,42.52,134796,0.0,1.0
2014-07-18,85.45,86.03,84.96,85.33,42.665,320199,0.0,1.0
2014-07-21,85.14,85.69,84.05,85.32,42.66,918800,0.0,1.0
2014-07-22,85.71,86.24,85.29,85.7,42.85,792900,0.0,1.0
2014-07-23,86.0,86.408,85.38,85.54,42.77,567700,0.0,1.0
2014-07-24,86.03,86.12,85.1,85.17,42.585,2242200,0.0,1.0
2014-07-25,85.01,85.44,84.675,85.0,42.5,1333600,0.0,1.0
2014-07-28,85.39,85.55,84.69,84.9,42.45,1761600,0.0,1.0
2014-07-29,85.18,85.18,84.35,84.44,42.22,1091300,0.0,1.0
2014-07-30,91.0,94.5,90.522,92.88,46.44,5682500,0.0,1.0
2014-07-31,92.13,92.5,90.21,90.25,45.125,2288500,0.0,1.0
2014-08-01,90.2,92.06,89.46,91.97,45.985,244957,0.0,1.0
2014-08-04,92.0,93.53,91.68,93.4,46.7,382224,0.0,1.0
2014-08-05,93.53,94.78,93.2,93.81,46.905,1407800,0.0,1.0
2014-08-06,92.99,95.39,92.78,95.01,47.505,1208100,0.0,1.0
2014-08-07,95.26,95.51,94.02,94.37,47.185,1151100,0.0,1.0
2014-08-08,94.32,94.92,93.935,94.71,47.355,652900,0.0,1.0
2014-08-11,94.9,95.45,94.36,94.5,47.25,513700,0.0,1.0
2014-08-12,94.62,95.41,94.32,94.99,47.495,736600,0.0,1.0
2014-08-13,95.12,96.74,95.01,95.88,47.94,848900,0.0,1.0
2014-08-14,96.17,96.17,95.46,95.69,47.845,858000,0.0,1.0
2014-08-15,95.89,97.26,95.68,96.58,48.29,790600,0.0,1.0
2014-08-18,97.17,98.27,96.92,97.89,48.945,813000,0.0,1.0
2014-08-19,97.8,98.02,97.07,97.97,48.985,580900,0.0,1.0
2014-08-20,97.58,98.34,96.64,97.57,48.785,892800,0.0,1.0
2014-08-21,98.45,98.94,98.07,98.7,49.35,948300,0.0,1.0
2014-08-22,99.0,99.11,98.16,98.41,49.205,649400,0.0,1.0
2014-08-25,98.63,98.92,98.1,98.53,49.265,454500,0.0,1.0
2014-08-26,99.11,99.35,98.0,98.8,49.4,758900,0.0,1.0
2014-08-27,98.68,98.79,97.46,97.52,48.76,698200,0.0,1.0
2014-08-28,97.68,98.41,96.83,98.26,49.13,619600,0.0,1.0
2014-08-29,98.35,99.35,97.82,99.26,49.63,729800,0.0,1.0
2014-09-02,99.36,99.52,96.835,97.58,48.79,981200,0.0,1.0
2014-09-03,98.21,98.63,97.61,97.91,48.955,867000,0.0,1.0
2014-09-04,98.06,98.86,97.59,98.44,49.22,774300,0.0,1.0
2014-09-05,98.29,99.04,98.12,98.93,49.465,836400,0.0,1.0
2014-09-08,98.61,99.28,98.48,98.91,49.455,1352800,0.0,1.0
2014-09-09,98.81,99.75,98.375,99.06,49.53,744000,0.0,1.0
2014-09-10,99.47,100.74,98.86,100.51,50.255,781300,0.0,1.0
2014-09-11,100.74,101.5,100.44,101.18,50.59,687700,0.0,1.0
2014-09-12,100.9,100.99,99.38,99.68,49.84,968800,0.0,1.0
2014-09-15,100.03,101.88,99.33,101.39,50.695,1127400,0.0,1.0
2014-09-16,101.38,101.53,100.22,101.0,50.5,950500,0.0,1.0
2014-09-17,101.1,102.9,101.01,102.46,51.23,630800,0.0,1.0
2014-09-18,102.48,103.46,102.14,103.32,51.66,577500,0.0,1.0
2014-09-19,103.74,104.66,103.24,104.02,52.01,1437500,0.0,1.0
2014-09-22,103.87,104.69,103.64,103.99,51.995,652954,0.0,1.0
2014-09-23,102.6,104.14,102.6,103.19,51.595,657125,0.0,1.0
2014-09-24,103.19,103.67,102.6201,103.59,51.795,574995,0.0,1.0
2014-09-25,104.03,104.14,102.65,102.65,51.325,531546,0.0,1.0
2014-09-26,102.65,103.0,102.25,102.75,51.375,522661,0.0,1.0
2014-09-29,102.19,103.37,102.071,103.17,51.585,540760,0.0,1.0
2014-09-30,103.46,103.57,102.13,102.15,51.075,456814,0.0,1.0
2014-10-01,102.31,103.67,101.76,103.39,51.695,989771,0.0,1.0
2014-10-02,103.26,104.46,102.85,104.28,52.14,707044,0.0,1.0
2014-10-03,104.73,106.49,104.62,106.18,53.09,709021,0.0,1.0
2014-10-06,107.0,108.73,106.63,106.91,53.455,863174,0.0,1.0
2014-10-07,106.4,106.82,105.7201,106.01,53.005,725081,0.0,1.0
2014-10-08,106.35,106.79,105.66,106.69,53.345,852554,0.0,1.0
2014-10-09,106.83,108.0475,105.6,105.67,52.835,813689,0.0,1.0
2014-10-10,105.91,107.4499,104.55,104.59,52.295,714501,0.0,1.0
2014-10-13,104.76,105.484,103.22,103.33,51.665,711097,0.0,1.0
2014-10-14,104.0,104.96,101.83,102.47,51.235,1124634,0.0,1.0
2014-10-15,101.4,101.75,98.8752,100.01,50.005,1317397,0.0,1.0
2014-10-16,98.18,99.08,97.07,98.03,49.015,1262373,0.0,1.0
2014-10-17,98.8,100.43,98.3,99.0,49.5,1165646,0.0,1.0
2014-10-20,99.06,101.92,98.6901,101.87,50.935,902790,0.0,1.0
2014-10-21,102.27,106.17,102.27,105.81,52.905,871992,0.0,1.0
2014-10-22,106.22,106.66,104.392,105.26,52.63,834541,0.0,1.0
2014-10-23,105.65,107.87,104.44,105.19,52.595,1469541,0.0,1.0
2014-10-24,113.5,117.94,113.22,116.76,58.38,2819470,0.0,1.0
2014-10-27,116.56,117.5,115.56,117.02,58.51,1388250,0.0,1.0
2014-10-28,117.05,118.84,116.03,118.28,59.14,998472,0.0,1.0
2014-10-29,120.26,121.2,118.89,121.1,60.55,1392696,0.0,1.0
2014-10-30,119.63,120.51,119.06,120.28,60.14,659768,0.0,1.0
2014-10-31,121.58,122.0,120.29,120.92,60.46,639820,0.0,1.0
2014-11-03,120.87,121.03,119.765,119.93,59.965,816517,0.0,1.0
2014-11-04,120.1,120.83,119.31,119.78,59.89,1078264,0.0,1.0
2014-11-05,120.26,121.2,118.89,121.1,60.55,890808,0.0,1.0
2014-11-06,120.72,123.68,120.5805,123.57,61.785,793842,0.0,1.0
2014-11-07,123.34,123.34,121.93,122.76,61.38,1045674,0.0,1.0
2014-11-10,122.76,124.6,122.73,124.6,62.3,682483,0.0,1.0
2014-11-11,124.98,125.35,124.16,124.79,62.395,423230,0.0,1.0
2014-11-12,124.59,124.59,122.44,122.95,61.475,995909,0.0,1.0
2014-11-13,122.91,124.864,122.91,124.55,62.275,741002,0.0,1.0
2014-11-14,124.18,124.94,123.26,124.5,62.25,786331,0.0,1.0
2014-11-17,124.47,126.618,124.35,126.23,63.115,714756,0.0,1.0
2014-11-18,126.52,127.96,126.05,127.88,63.94,485418,0.0,1.0
2014-11-19,127.46,127.48,124.93,125.59,62.795,761427,0.0,1.0
2014-11-20,124.26,125.48,122.9,125.39,62.695,549071,0.0,1.0
2014-11-21,126.2,126.9,123.24,123.5,61.75,993213,0.0,1.0
2014-11-24,124.72,127.97,123.84,127.52,63.76,1536763,0.0,1.0
2014-11-25,127.7,128.9,127.32,127.57,63.785,912011,0.0,1.0
2014-11-26,127.75,129.27,127.215,129.16,64.58,666686,0.0,1.0
2014-11-28,129.58,131.27,129.09,129.68,64.84,307464,0.0,1.0
2014-12-01,129.59,131.07,128.3,129.39,64.695,612734,0.0,1.0
2014-12-02,130.35,132.6,129.4,132.4,66.2,826885,0.0,1.0
2014-12-03,132.65,132.8041,131.16,131.46,65.73,664615,0.0,1.0
2014-12-04,131.06,132.0,129.785,130.0,65.0,825335,0.0,1.0
2014-12-05,130.0,130.12,129.44,129.71,64.855,1270798,0.0,1.0
2014-12-08,130.0,134.29,130.0,132.13,66.065,1944498,0.0,1.0
2014-12-09,131.12,133.999,131.01,133.48,66.74,1389539,0.0,1.0
2014-12-10,133.95,133.95,130.11,130.37,65.185,952686,0.0,1.0
2014-12-11,131.05,133.44,130.76,132.07,66.035,1260061,0.0,1.0
2014-12-12,130.96,132.28,128.81,128.87,64.435,944165,0.0,1.0
2014-12-15,129.92,130.09,126.73,127.01,63.505,1583186,0.0,1.0
2014-12-16,126.67,128.57,125.34,125.44,62.72,1063704,0.0,1.0
2014-12-17,125.96,130.01,125.62,129.74,64.87,1311441,0.0,1.0
2014-12-18,130.96,131.43,129.89,131.4,65.7,1294351,0.0,1.0
2014-12-19,132.14,133.75,131.73,133.21,66.605,1515423,0.0,1.0
2014-12-22,133.22,134.2399,131.5,132.47,66.235,711611,0.0,1.0
2014-12-23,133.25,133.3199,128.45,129.58,64.79,645033,0.0,1.0
2014-12-24,129.76,131.56,129.6201,130.75,65.375,247866,0.0,1.0
2014-12-26,130.93,131.24,129.56,129.9,64.95,256715,0.0,1.0
2014-12-29,129.19,129.89,128.105,129.42,64.71,383998,0.0,1.0
2014-12-30,129.53,130.69,129.11,129.27,64.635,403592,0.0,1.0
2014-12-31,129.69,130.6,127.2,127.38,63.69,417277,0.0,1.0
2015-01-02,128.19,129.81,126.61,127.72,63.86,607890,0.0,1.0
2015-01-05,126.6,129.22,126.5,127.78,63.89,638267,0.0,1.0
2015-01-06,126.97,128.82,125.41,127.02,63.51,833490,0.0,1.0
2015-01-07,128.2,130.49,127.27,130.0,65.0,775390,0.0,1.0
2015-01-08,131.02,133.47,130.56,133.15,66.575,1159457,0.0,1.0
2015-01-09,133.15,134.0,132.085,133.16,66.58,839683,0.0,1.0
2015-01-12,133.73,136.28,132.85,135.29,67.645,1136244,0.0,1.0
2015-01-13,136.34,137.19,132.6401,133.62,66.81,750812,0.0,1.0
2015-01-14,131.67,133.06,131.02,131.67,65.835,780061,0.0,1.0
2015-01-15,132.6,133.12,128.47,128.59,64.295,1275328,0.0,1.0
2015-01-16,128.37,129.27,127.17,129.16,64.58,988158,0.0,1.0
2015-01-20,130.27,131.88,128.02,128.46,64.23,983144,0.0,1.0
2015-01-21,128.4,129.45,127.54,128.88,64.44,887950,0.0,1.0
2015-01-22,129.77,130.88,127.56,130.34,65.17,1161344,0.0,1.0
2015-01-23,130.62,130.88,129.5,129.63,64.815,769960,0.0,1.0
2015-01-26,129.5,130.38,128.82,130.14,65.07,998880,0.0,1.0
2015-01-27,129.17,130.45,128.29,129.38,64.69,545712,0.0,1.0
2015-01-28,129.98,131.1,128.75,128.87,64.435,629199,0.0,1.0
2015-01-29,128.91,129.62,127.81,129.28,64.64,784501,0.0,1.0
2015-01-30,128.51,128.96,124.69,125.35,62.675,2081685,0.0,1.0
2015-02-02,125.69,127.39,124.56,125.48,62.74,1539672,0.0,1.0
2015-02-03,126.37,127.519,123.97,127.0,63.5,1406308,0.0,1.0
2015-02-04,129.06,137.58,128.52,134.85,67.425,2069921,0.0,1.0
2015-02-05,135.0,136.87,134.63,134.83,67.415,1056087,0.0,1.0
2015-02-06,134.79,136.75,131.95,132.62,66.31,1304981,0.0,1.0
2015-02-09,132.35,132.82,127.71,128.08,64.04,1093939,0.0,1.0
2015-02-10,130.36,131.1,129.26,130.07,65.035,895340,0.0,1.0
2015-02-11,129.75,131.86,129.36,131.59,65.795,917588,0.0,1.0
2015-02-12,132.38,132.87,130.5601,132.34,66.17,719474,0.0,1.0
2015-02-13,132.72,134.23,131.25,134.23,67.115,1067447,0.0,1.0
2015-02-17,134.09,134.67,132.05,133.04,66.52,662162,0.0,1.0
2015-02-18,133.24,134.747,133.0,134.22,67.11,929009,0.0,1.0
2015-02-19,134.32,134.98,133.51,133.72,66.86,678655,0.0,1.0
2015-02-20,133.32,134.62,131.94,134.46,67.23,757284,0.0,1.0
2015-02-23,134.46,134.88,133.6,134.25,67.125,601369,0.0,1.0
2015-02-24,133.86,134.97,133.34,133.99,66.995,691209,0.0,1.0
2015-02-25,133.66,134.98,133.55,134.05,67.025,672406,0.0,1.0
2015-02-26,134.22,135.5,133.97,134.9,67.45,628491,0.0,1.0
2015-02-27,134.4,135.16,133.02,133.02,66.51,1169215,0.0,1.0
2015-03-02,132.62,136.06,132.61,135.85,67.925,1173405,0.0,1.0
2015-03-03,135.78,136.1,133.76,134.58,67.29,736550,0.0,1.0
2015-03-04,133.89,136.61,133.55,135.76,67.88,606344,0.0,1.0
2015-03-05,135.6,136.95,135.12,135.65,67.825,679447,0.0,1.0
2015-03-06,135.23,136.0,132.59,133.0,66.5,825180,0.0,1.0
2015-03-09,133.43,134.46,132.43,133.9,66.95,1915238,0.0,1.0
2015-03-10,132.89,133.88,132.01,133.65,66.825,963975,0.0,1.0
2015-03-11,134.0,136.0,133.65,134.71,67.355,948338,0.0,1.0
2015-03-12,135.06,137.42,134.725,137.0,68.5,1168401,0.0,1.0
2015-03-13,136.85,137.34,134.39,135.35,67.675,1052373,0.0,1.0
2015-03-16,137.0,149.71,137.0,148.64,74.32,2954507,0.0,1.0
2015-03-17,147.5,148.76,146.53,148.1,74.05,1135481,0.0,1.0
2015-03-18,148.0,149.95,147.55,148.38,74.19,1336877,0.0,1.0
2015-03-19,147.27,149.32,147.26,148.94,74.47,885081,0.0,1.0
2015-03-20,149.79,150.41,146.71,146.77,73.385,1763929,0.0,1.0
2015-03-23,146.91,147.52,145.75,146.1,73.05,702612,0.0,1.0
2015-03-24,146.48,147.95,145.32,145.8,72.9,823539,0.0,1.0
2015-03-25,146.55,147.88,142.07,142.25,71.125,1294782,0.0,1.0
2015-03-26,140.77,142.8,138.13,141.9,70.95,1053473,0.0,1.0
2015-03-27,141.97,144.17,141.91,143.68,71.84,734602,0.0,1.0
2015-03-30,144.87,145.227,143.89,144.14,72.07,605883,0.0,1.0
2015-03-31,143.15,144.11,142.21,142.46,71.23,721701,0.0,1.0
2015-04-01,142.06,142.23,138.91,140.7,70.35,1006386,0.0,1.0
2015-04-02,141.31,142.05,139.89,140.61,70.305,841485,0.0,1.0
2015-04-06,140.24,140.63,139.2514,139.85,69.925,894542,0.0,1.0
2015-04-07,139.98,141.0845,138.7216,138.75,69.375,1008210,0.0,1.0
2015-04-08,139.15,140.56,138.04,139.02,69.51,996933,0.0,1.0
2015-04-09,138.91,140.0,137.7,139.37,69.685,803160,0.0,1.0
2015-04-10,140.0,142.0,139.364,141.68,70.84,1041674,0.0,1.0
2015-04-13,141.99,145.87,141.79,143.1,71.55,925324,0.0,1.0
2015-04-14,143.01,143.65,141.2916,142.75,71.375,623709,0.0,1.0
2015-04-15,143.0,143.0,140.84,141.28,70.64,702251,0.0,1.0
2015-04-16,141.02,142.27,140.765,141.73,70.865,459497,0.0,1.0
2015-04-17,140.78,141.1248,139.02,139.94,69.97,660964,0.0,1.0
2015-04-20,141.07,143.07,140.36,141.28,70.64,720144,0.0,1.0
2015-04-21,141.63,142.0,140.271,140.48,70.24,876192,0.0,1.0
2015-04-22,140.99,141.5,139.61,140.87,70.435,593156,0.0,1.0
2015-04-23,140.75,143.21,140.66,141.92,70.96,1103776,0.0,1.0
2015-04-24,144.37,144.43,136.32,138.33,69.165,2303213,0.0,1.0
2015-04-27,139.22,139.42,130.53,130.97,65.485,1412009,0.0,1.0
2015-04-28,130.91,131.46,128.25,129.9,64.95,1753159,0.0,1.0
2015-04-29,129.75,130.98,129.0,129.96,64.98,1158806,0.0,1.0
2015-04-30,129.54,130.97,126.09,126.65,63.325,1238530,0.0,1.0
2015-05-01,127.12,129.08,126.46,127.19,63.595,1772169,0.0,1.0
2015-05-04,127.64,129.34,127.57,127.75,63.875,1084112,0.0,1.0
2015-05-05,126.88,128.48,122.75,123.86,61.93,1550197,0.0,1.0
2015-05-06,123.86,125.97,123.37,124.39,62.195,1256109,0.0,1.0
2015-05-07,124.74,125.855,123.76,123.95,61.975,1236872,0.0,1.0
2015-05-08,124.76,126.64,124.27,126.4,63.2,1886499,0.0,1.0
2015-05-11,126.0,128.43,126.0,127.07,63.535,1625773,0.0,1.0
2015-05-12,131.1,133.7,130.45,130.47,65.235,2193279,0.0,1.0
2015-05-13,131.0,131.43,127.89,128.32,64.16,1522584,0.0,1.0
2015-05-14,129.07,130.78,128.2,130.56,65.28,1102390,0.0,1.0
2015-05-15,130.58,131.49,129.5,131.41,65.705,874752,0.0,1.0
2015-05-18,131.56,132.6,130.63,131.72,65.86,659510,0.0,1.0
2015-05-19,130.0,131.29,125.44,131.08,65.54,1799371,0.0,1.0
2015-05-20,131.43,134.27,131.04,132.36,66.18,1114029,0.0,1.0
2015-05-21,131.91,132.22,130.29,131.82,65.91,1033755,0.0,1.0
2015-05-22,131.21,132.84,130.73,130.88,65.44,584515,0.0,1.0
2015-05-26,130.3,131.55,127.81,128.56,64.28,796230,0.0,1.0
2015-05-27,128.82,130.79,128.18,130.45,65.225,1020914,0.0,1.0
2015-05-28,130.01,131.45,129.745,130.65,65.325,990730,0.0,1.0
2015-05-29,130.87,131.92,130.23,130.72,65.36,1161163,0.0,1.0
2015-06-01,130.78,132.48,129.24,132.19,66.095,974325,0.0,1.0
2015-06-02,131.45,132.47,130.42,131.25,65.625,870614,0.0,1.0
2015-06-03,131.44,132.67,130.925,132.17,66.085,688107,0.0,1.0
2015-06-04,131.06,131.96,130.29,131.6,65.8,911294,0.0,1.0
2015-06-05,131.23,133.11,130.36,132.9,66.45,688167,0.0,1.0
2015-06-08,132.6,134.03,132.24,132.91,66.455,1186811,0.0,1.0
2015-06-09,134.23,134.74,132.53,133.3,66.65,659673,0.0,1.0
2015-06-10,133.75,135.07,132.95,134.7,67.35,570844,0.0,1.0
2015-06-11,134.85,136.41,134.362,135.17,67.585,616176,0.0,1.0
2015-06-12,134.54,135.17,133.3491,133.58,66.79,760357,0.0,1.0
2015-06-15,132.73,133.9,132.0001,133.6,66.8,602653,0.0,1.0
2015-06-16,133.46,138.27,133.16,137.91,68.955,1997784,0.0,1.0
2015-06-17,137.99,144.4,136.0,141.6,70.8,2818857,0.0,1.0
2015-06-18,141.65,146.87,141.068,145.1,72.55,2307884,0.0,1.0
2015-06-19,145.24,146.59,144.38,146.17,73.085,1259530,0.0,1.0
2015-06-22,147.18,147.296,143.82,144.32,72.16,1429305,0.0,1.0
2015-06-23,145.12,147.24,143.875,144.63,72.315,919400,0.0,1.0
2015-06-24,144.04,145.11,142.79,142.86,71.43,957149,0.0,1.0
2015-06-25,143.62,146.0779,142.92,144.61,72.305,959433,0.0,1.0
2015-06-26,145.31,146.65,144.44,146.08,73.04,1022184,0.0,1.0
2015-06-29,144.45,146.11,142.17,142.35,71.175,783392,0.0,1.0
2015-06-30,143.71,144.05,141.65,142.43,71.215,657930,0.0,1.0
2015-07-01,143.51,143.79,142.19,143.6,71.8,794042,0.0,1.0
2015-07-02,144.14,144.55,141.12,142.45,71.225,857280,0.0,1.0
2015-07-06,143.95,146.43,143.385,145.12,72.56,1645763,0.0,1.0
2015-07-07,145.2,147.64,143.72,147.48,73.74,1340599,0.0,1.0
2015-07-08,146.46,147.41,142.56,143.02,71.51,1115297,0.0,1.0
2015-07-09,145.0,145.99,144.0,145.07,72.535,902086,0.0,1.0
2015-07-10,147.5,148.45,145.64,147.16,73.58,873315,0.0,1.0
2015-07-13,151.7,152.904,149.82,152.11,76.055,1599916,0.0,1.0
2015-07-14,152.33,153.25,151.23,152.3,76.15,1056057,0.0,1.0
2015-07-15,152.53,153.69,151.05,152.61,76.305,1066611,0.0,1.0
2015-07-16,153.23,155.03,153.17,154.47,77.235,996663,0.0,1.0
2015-07-17,154.35,154.96,152.63,154.3,77.15,771314,0.0,1.0
2015-07-20,154.73,154.73,153.68,154.01,77.005,552411,0.0,1.0
2015-07-21,154.05,156.49,153.82,156.06,78.03,991609,0.0,1.0
2015-07-22,156.4,157.61,155.28,156.72,78.36,764908,0.0,1.0
2015-07-23,157.25,157.55,155.49,156.25,78.125,707297,0.0,1.0
2015-07-24,156.11,157.42,154.7,155.1,77.55,691469,0.0,1.0
2015-07-27,154.5,154.75,151.9,152.72,76.36,1358574,0.0,1.0
2015-07-28,153.96,155.8,152.01,155.8,77.9,1812869,0.0,1.0
2015-07-29,154.85,159.0,150.6003,153.76,76.88,1946511,0.0,1.0
2015-07-30,153.59,155.0,152.52,153.1,76.55,1189392,0.0,1.0
2015-07-31,154.32,154.65,152.03,152.16,76.08,766442,0.0,1.0
2015-08-03,152.25,153.4,149.51,151.09,75.545,1088256,0.0,1.0
2015-08-04,151.32,151.796,149.21,149.37,74.685,902176,0.0,1.0
2015-08-05,149.5,150.81,149.21,150.12,75.06,973275,0.0,1.0
2015-08-06,150.03,151.91,143.62,144.28,72.14,1458975,0.0,1.0
2015-08-07,144.39,145.175,142.01,143.92,71.96,953638,0.0,1.0
2015-08-10,144.97,146.89,144.14,144.5,72.25,635869,0.0,1.0
2015-08-11,143.58,144.886,142.91,143.81,71.905,730974,0.0,1.0
2015-08-12,143.22,144.9,141.14,144.12,72.06,1018840,0.0,1.0
2015-08-13,143.81,145.3,142.67,144.4,72.2,720866,0.0,1.0
2015-08-14,144.13,145.0299,142.75,143.3,71.65,699845,0.0,1.0
2015-08-17,142.72,144.98,141.986,144.77,72.385,722344,0.0,1.0
2015-08-18,144.27,147.38,143.48,145.27,72.635,1153887,0.0,1.0
2015-08-19,144.18,146.69,142.74,145.87,72.935,888282,0.0,1.0
2015-08-20,144.19,144.97,142.9,142.9,71.45,1002642,0.0,1.0
2015-08-21,141.85,142.188,139.81,139.87,69.935,1425803,0.0,1.0
2015-08-24,133.02,137.5,125.06,133.93,66.965,1997621,0.0,1.0
2015-08-25,138.08,140.467,135.75,135.75,67.875,1428174,0.0,1.0
2015-08-26,138.2,140.45,134.9,140.15,70.075,1266275,0.0,1.0
2015-08-27,140.65,146.21,140.52,145.59,72.795,1595958,0.0,1.0
2015-08-28,145.1,146.86,142.19,144.7,72.35,1554330,0.0,1.0
2015-08-31,144.38,146.16,140.82,140.88,70.44,1009484,0.0,1.0
2015-09-01,137.8,138.89,134.3,135.47,67.735,1742427,0.0,1.0
2015-09-02,137.37,139.06,135.71,139.03,69.515,1092005,0.0,1.0
2015-09-03,139.56,140.98,137.055,137.55,68.775,753713,0.0,1.0
2015-09-04,136.17,137.305,134.6201,136.09,68.045,642895,0.0,1.0
2015-09-08,138.45,139.9,136.23,139.68,69.84,1046987,0.0,1.0
2015-09-09,140.98,141.02,137.23,137.52,68.76,1158525,0.0,1.0
2015-09-10,137.35,139.34,137.18,138.21,69.105,737319,0.0,1.0
2015-09-11,137.39,139.15,136.59,139.13,69.565,714429,0.0,1.0
2015-09-14,139.13,139.77,138.09,139.0,69.5,731772,0.0,1.0
2015-09-15,138.9,140.64,138.08,140.5,70.25,988747,0.0,1.0
2015-09-16,140.14,141.35,139.03,140.58,70.29,635834,0.0,1.0
2015-09-17,140.48,143.36,140.075,141.61,70.805,659547,0.0,1.0
2015-09-18,140.77,143.38,140.62,142.75,71.375,1767948,0.0,1.0
2015-09-21,143.78,144.826,140.0,141.58,70.79,890654,0.0,1.0
2015-09-22,140.44,142.77,139.28,142.13,71.065,1040825,0.0,1.0
2015-09-23,141.89,142.89,141.25,141.6,70.8,837976,0.0,1.0
2015-09-24,140.78,141.52,139.5,140.33,70.165,700091,0.0,1.0
2015-09-25,141.06,142.0,136.22,137.36,68.68,930872,0.0,1.0
2015-09-28,137.27,137.46,133.14,133.9,66.95,2101432,0.0,1.0
2015-09-29,134.36,138.34,133.33,137.79,68.895,1541962,0.0,1.0
2015-09-30,139.56,142.4,138.44,142.17,71.085,1544478,0.0,1.0
2015-10-01,141.52,149.3,140.63,149.0,74.5,2400742,0.0,1.0
2015-10-02,148.0,154.74,147.0,154.55,77.275,1990854,0.0,1.0
2015-10-05,154.57,154.57,148.6,149.37,74.685,2293518,0.0,1.0
2015-10-06,148.76,150.17,144.09,144.31,72.155,2096963,0.0,1.0
2015-10-07,145.0,145.35,141.24,145.28,72.64,2126304,0.0,1.0
2015-10-08,144.44,146.71,143.19,146.27,73.135,1059550,0.0,1.0
2015-10-09,146.27,148.78,146.27,148.22,74.11,1638730,0.0,1.0
2015-10-12,148.37,150.31,147.34,149.53,74.765,1113349,0.0,1.0
2015-10-13,147.9,147.9,144.37,144.58,72.29,2053739,0.0,1.0
2015-10-14,145.07,147.4199,143.8705,144.41,72.205,1183016,0.0,1.0
2015-10-15,144.68,147.82,143.96,147.15,73.575,1367900,0.0,1.0
2015-10-16,147.71,151.43,147.25,151.28,75.64,1406041,0.0,1.0
2015-10-19,151.25,152.0,150.02,151.4,75.7,872110,0.0,1.0
2015-10-20,151.03,151.94,149.82,151.2,75.6,714437,0.0,1.0
2015-10-21,152.21,152.2447,145.85,148.91,74.455,1258027,0.0,1.0
2015-10-22,149.96,151.44,145.75,148.58,74.29,1359324,0.0,1.0
2015-10-23,149.58,151.05,145.82,149.88,74.94,1861553,0.0,1.0
2015-10-26,150.41,151.38,145.69,146.92,73.46,2128823,0.0,1.0
2015-10-27,155.5,156.85,149.28,150.98,75.49,2644723,0.0,1.0
2015-10-28,150.9,154.3,149.75,154.05,77.025,1140703,0.0,1.0
2015-10-29,153.55,155.98,152.68,155.0,77.5,1105844,0.0,1.0
2015-10-30,155.11,158.48,154.19,157.15,78.575,1414934,0.0,1.0
2015-11-02,157.63,158.84,157.0,157.52,78.76,860349,0.0,1.0
2015-11-03,157.03,158.99,155.12,157.94,78.97,841080,0.0,1.0
2015-11-04,158.11,158.5,155.78,156.44,78.22,541873,0.0,1.0
2015-11-05,156.01,159.4599,156.01,158.65,79.325,781417,0.0,1.0
2015-11-06,158.56,158.73,155.7,157.17,78.585,601194,0.0,1.0
2015-11-09,157.1,157.82,154.86,157.18,78.59,555774,0.0,1.0
2015-11-10,157.31,158.11,155.51,157.57,78.785,523700,0.0,1.0
2015-11-11,157.6,158.995,156.65,157.4,78.7,480963,0.0,1.0
2015-11-12,154.42,158.99,152.81,152.95,76.475,929094,0.0,1.0
2015-11-13,153.22,155.26,152.485,153.27,76.635,711378,0.0,1.0
2015-11-16,153.17,154.85,151.75,154.71,77.355,541746,0.0,1.0
2015-11-17,154.5,155.98,153.66,154.76,77.38,710844,0.0,1.0
2015-11-18,155.0,157.206,153.84,157.09,78.545,551970,0.0,1.0
2015-11-19,156.4,157.35,155.0,155.93,77.965,561571,0.0,1.0
2015-11-20,156.95,160.24,155.97,157.68,78.84,892903,0.0,1.0
2015-11-23,157.13,161.82,156.775,161.04,80.52,949192,0.0,1.0
2015-11-24,160.0,161.35,158.96,160.41,80.205,743867,0.0,1.0
2015-11-25,160.91,164.83,160.41,163.67,81.835,646952,0.0,1.0
2015-11-27,164.2,165.89,163.21,165.12,82.56,377723,0.0,1.0
2015-11-30,165.1,166.87,163.0,163.0,81.5,1145039,0.0,1.0
2015-12-01,164.32,166.0,162.84,164.84,82.42,939529,0.0,1.0
2015-12-02,164.64,165.54,162.5,162.86,81.43,1172500,0.0,1.0
2015-12-03,163.15,164.31,156.9,157.4,78.7,1142563,0.0,1.0
2015-12-04,157.96,162.3,157.62,162.02,81.01,1183250,0.0,1.0
2015-12-07,161.1,163.27,159.02,160.79,80.395,829118,0.0,1.0
2015-12-08,160.7,161.97,159.2,159.82,79.91,998261,0.0,1.0
2015-12-09,158.49,163.4399,156.97,162.01,81.005,1447626,0.0,1.0
2015-12-10,162.43,165.97,161.41,163.57,81.785,1042751,0.0,1.0
2015-12-11,161.58,164.2,159.22,159.71,79.855,1139129,0.0,1.0
2015-12-14,81.12,81.72,79.33,80.53,80.53,1655994,0.0,2.0
2015-12-15,80.87,81.38,79.54,80.03,80.03,1809199,0.0,1.0
2015-12-16,80.88,81.986,80.258,81.57,81.57,997330,0.0,1.0
2015-12-17,82.4,82.84,80.93,80.99,80.99,881151,0.0,1.0
2015-12-18,80.29,80.36,78.21,78.23,78.23,2358003,0.0,1.0
2015-12-21,78.86,79.69,78.0,78.96,78.96,993881,0.0,1.0
2015-12-22,79.44,79.65,78.46,79.3,79.3,1531728,0.0,1.0
2015-12-23,79.96,80.21,78.57,79.1,79.1,765179,0.0,1.0
2015-12-24,79.05,80.06,79.0,79.18,79.18,515393,0.0,1.0
2015-12-28,78.99,80.12,78.99,79.82,79.82,783657,0.0,1.0
2015-12-29,79.96,80.42,79.53,79.76,79.76,974658,0.0,1.0
2015-12-30,79.98,80.22,79.11,79.21,79.21,665610,0.0,1.0
2015-12-31,78.81,79.76,78.42,78.98,78.98,1444757,0.0,1.0
2016-01-04,78.1,79.01,76.5,78.84,78.84,2540131,0.0,1.0
2016-01-05,78.67,80.45,78.43,80.01,80.01,1566894,0.0,1.0
2016-01-06,79.28,80.99,78.85,80.44,80.44,1769477,0.0,1.0
2016-01-07,79.39,79.39,76.79,77.56,77.56,2370374,0.0,1.0
2016-01-08,77.3,78.58,75.8,76.04,76.04,1752325,0.0,1.0
2016-01-11,76.66,77.36,75.54,75.93,75.93,2136161,0.0,1.0
2016-01-12,76.49,77.87,76.32,77.75,77.75,1413829,0.0,1.0
2016-01-13,78.15,78.545,74.61,74.81,74.81,1853664,0.0,1.0
2016-01-14,74.81,77.33,73.92,77.1,77.1,2154459,0.0,1.0
2016-01-15,74.84,76.59,73.96,74.69,74.69,3106572,0.0,1.0
2016-01-19,75.62,76.094,74.01,74.52,74.52,1768670,0.0,1.0
2016-01-20,73.47,76.03,72.2,75.49,75.49,2124573,0.0,1.0
2016-01-21,76.63,79.66,76.33,77.8,77.8,3678076,0.0,1.0
2016-01-22,78.79,79.78,78.34,78.84,78.84,2080323,0.0,1.0
2016-01-25,79.1,80.7,79.078,80.2,80.2,1398724,0.0,1.0
2016-01-26,79.16,80.85,78.89,80.16,80.16,1521938,0.0,1.0
2016-01-27,80.21,80.59,77.25,77.9,77.9,2798224,0.0,1.0
2016-01-28,78.18,78.18,75.24,75.88,75.88,2086188,0.0,1.0
2016-01-29,75.97,78.3,75.96,78.21,78.21,2299462,0.0,1.0
2016-02-01,77.89,79.58,77.65,78.84,78.84,2324969,0.0,1.0
2016-02-02,77.61,78.18,76.5807,76.91,76.91,2747568,0.0,1.0
2016-02-03,82.62,83.45,80.95,83.32,83.32,4961393,0.0,1.0
2016-02-04,83.19,84.48,82.47,83.6,83.6,3280312,0.0,1.0
2016-02-05,83.46,84.84,81.65,82.02,82.02,2057256,0.0,1.0
2016-02-08,81.14,81.685,75.29,76.97,76.97,3638035,0.0,1.0
2016-02-09,75.64,78.11,75.62,76.34,76.34,2676865,0.0,1.0
2016-02-10,77.43,80.61,77.21,79.0,79.0,2462286,0.0,1.0
2016-02-11,77.55,79.78,76.9,79.04,79.04,2142671,0.0,1.0
2016-02-12,79.61,81.115,78.6,81.04,81.04,2186628,0.0,1.0
2016-02-16,81.38,84.47,81.13,84.45,84.45,2420262,0.0,1.0
2016-02-17,85.17,86.7,84.44,86.62,86.62,2370383,0.0,1.0
2016-02-18,86.72,88.53,86.05,86.24,86.24,2465423,0.0,1.0
2016-02-19,86.29,86.62,85.04,86.21,86.21,1595339,0.0,1.0
2016-02-22,86.91,87.3,85.77,86.61,86.61,1680964,0.0,1.0
2016-02-23,86.5,87.36,85.95,86.87,86.87,1699152,0.0,1.0
2016-02-24,86.34,88.11,85.4,87.79,87.79,1585306,0.0,1.0
2016-02-25,88.08,89.58,87.92,89.56,89.56,1421384,0.0,1.0
2016-02-26,89.65,89.93,87.64,87.93,87.93,2050843,0.0,1.0
2016-02-29,87.61,88.295,86.74,87.0,87.0,1961261,0.0,1.0
2016-03-01,87.28,87.89,86.11,87.87,87.87,1846562,0.0,1.0
2016-03-02,88.5,88.63,87.47,88.29,88.29,1179019,0.0,1.0
2016-03-03,88.09,88.3,86.5,87.12,87.12,1301303,0.0,1.0
2016-03-04,86.92,87.86,86.46,87.36,87.36,1103306,0.0,1.0
2016-03-07,87.36,88.1015,86.88,87.26,87.26,1329374,0.0,1.0
2016-03-08,86.94,87.12,85.02,85.12,85.12,2226450,0.0,1.0
2016-03-09,85.31,86.33,84.65,85.75,85.75,1415948,0.0,1.0
2016-03-10,86.11,87.0,85.66,86.49,86.49,1254626,0.0,1.0
2016-03-11,86.86,87.86,86.67,87.63,87.63,1326313,0.0,1.0
2016-03-14,87.21,88.666,87.02,87.94,87.94,1369781,0.0,1.0
2016-03-15,87.75,87.86,85.95,86.29,86.29,1482434,0.0,1.0
2016-03-16,85.76,86.85,85.04,85.78,85.78,1418074,0.0,1.0
2016-03-17,85.625,86.23,83.9,84.37,84.37,1791897,0.0,1.0
2016-03-18,84.69,86.09,84.02,85.81,85.81,1761571,0.0,1.0
2016-03-21,85.57,86.13,85.205,85.64,85.64,1003717,0.0,1.0
2016-03-22,85.1,86.82,85.06,86.25,86.25,1112532,0.0,1.0
2016-03-23,86.12,86.91,85.67,85.89,85.89,1003052,0.0,1.0
2016-03-24,85.23,87.64,85.13,87.34,87.34,2085194,0.0,1.0
2016-03-28,87.26,87.89,86.5505,86.72,86.72,1330479,0.0,1.0
2016-03-29,86.53,89.38,86.53,88.89,88.89,1788041,0.0,1.0
2016-03-30,89.38,89.58,88.57,88.89,88.89,1060752,0.0,1.0
2016-03-31,88.84,89.12,87.91,88.21,88.21,2269201,0.0,1.0
2016-04-01,88.02,90.06,86.73,89.92,89.92,2736978,0.0,1.0
2016-04-04,102.21,107.9,100.9,105.08,105.08,9078329,0.0,1.0
2016-04-05,103.66,104.91,102.71,103.54,103.54,4165349,0.0,1.0
2016-04-06,103.61,107.7,103.3158,107.48,107.48,2229092,0.0,1.0
2016-04-07,107.55,107.65,104.29,105.25,105.25,1645608,0.0,1.0
2016-04-08,106.32,106.78,104.0644,104.47,104.47,1104593,0.0,1.0
2016-04-11,105.19,107.58,104.82,105.99,105.99,1578702,0.0,1.0
2016-04-12,105.98,106.65,104.35,105.74,105.74,1496665,0.0,1.0
2016-04-13,106.27,109.0,106.23,108.32,108.32,1876913,0.0,1.0
2016-04-14,107.91,108.73,107.27,107.49,107.49,1173326,0.0,1.0
2016-04-15,107.22,107.4,105.97,106.55,106.55,1461072,0.0,1.0
2016-04-18,106.56,108.35,105.77,108.0,108.0,1307964,0.0,1.0
2016-04-19,107.89,108.075,105.55,106.08,106.08,1880597,0.0,1.0
2016-04-20,106.34,108.69,106.0,107.86,107.86,1314221,0.0,1.0
2016-04-21,108.03,108.93,107.19,108.1,108.1,1067058,0.0,1.0
2016-04-22,107.99,109.32,107.43,108.33,108.33,920923,0.0,1.0
2016-04-25,107.85,108.59,107.46,107.98,107.98,1507181,0.0,1.0
2016-04-26,108.0,109.71,107.3916,108.84,108.84,1807076,0.0,1.0
2016-04-27,111.78,112.0,107.76,108.93,108.93,2748898,0.0,1.0
2016-04-28,109.29,109.82,106.97,107.25,107.25,1079045,0.0,1.0
2016-04-29,107.0,107.33,104.92,106.21,106.21,1575677,0.0,1.0
2016-05-02,106.72,107.8,106.155,106.86,106.86,1339236,0.0,1.0
2016-05-03,106.09,107.35,104.43,105.43,105.43,1259587,0.0,1.0
2016-05-04,105.1,105.63,103.56,103.8,103.8,1363025,0.0,1.0
2016-05-05,103.13,104.68,102.92,104.37,104.37,1815387,0.0,1.0
2016-05-06,104.12,106.14,103.945,105.74,105.74,1376364,0.0,1.0
2016-05-09,105.76,106.98,105.46,106.38,106.38,897718,0.0,1.0
2016-05-10,106.71,107.22,105.67,106.59,106.59,816928,0.0,1.0
2016-05-11,106.56,107.29,105.04,105.08,105.08,856858,0.0,1.0
2016-05-12,105.08,105.8001,103.49,105.59,105.59,1173146,0.0,1.0
2016-05-13,105.52,106.0,102.92,102.99,102.99,1739352,0.0,1.0
2016-05-16,103.34,104.92,103.13,104.0,104.0,2645661,0.0,1.0
2016-05-17,103.67,105.2,100.06,100.84,100.84,3428740,0.0,1.0
2016-05-18,100.77,101.4099,98.83,99.79,99.79,3060957,0.0,1.0
2016-05-19,99.8,99.8,97.2,97.82,97.82,4886514,0.0,1.0
2016-05-20,99.12,100.5,98.7,99.11,99.11,2626409,0.0,1.0
2016-05-23,99.63,100.97,99.6,100.02,100.02,1989888,0.0,1.0
2016-05-24,100.45,101.86,100.26,101.49,101.49,1418441,0.0,1.0
2016-05-25,101.79,101.96,99.69,99.91,99.91,1525779,0.0,1.0
2016-05-26,100.0,100.42,99.28,99.43,99.43,1985407,0.0,1.0
2016-05-27,99.94,100.6,98.97,100.04,100.04,1675145,0.0,1.0
2016-05-31,100.32,100.66,98.5,98.5,98.5,3002675,0.0,1.0
2016-06-01,98.54,100.0,98.41,99.84,99.84,1440230,0.0,1.0
2016-06-02,100.0,102.27,99.8425,102.1,102.1,2246217,0.0,1.0
2016-06-03,102.08,102.19,100.39,101.53,101.53,1269386,0.0,1.0
2016-06-06,101.3,101.84,100.59,101.45,101.45,1052813,0.0,1.0
2016-06-07,101.46,101.92,100.64,101.5,101.5,981090,0.0,1.0
2016-06-08,101.0,103.3,100.86,102.67,102.67,1194741,0.0,1.0
2016-06-09,102.4,103.87,102.2,102.48,102.48,963164,0.0,1.0
2016-06-10,101.44,102.0,101.06,101.52,101.52,852885,0.0,1.0
2016-06-13,101.22,102.55,100.91,101.13,101.13,865296,0.0,1.0
2016-06-14,100.64,101.1399,99.98,100.95,100.95,939044,0.0,1.0
2016-06-15,101.14,101.79,96.79,97.85,97.85,3100175,0.0,1.0
2016-06-16,97.25,99.64,96.8551,99.31,99.31,1629229,0.0,1.0
2016-06-17,99.37,99.645,97.76,98.54,98.54,2152527,0.0,1.0
2016-06-20,99.54,100.72,99.1175,99.16,99.16,1718455,0.0,1.0
2016-06-21,99.44,99.9,98.35,98.57,98.57,1246992,0.0,1.0
2016-06-22,98.53,99.0,97.89,98.04,98.04,1242923,0.0,1.0
2016-06-23,98.88,99.31,98.55,99.08,99.08,1392060,0.0,1.0
2016-06-24,96.05,97.53,95.755,96.04,96.04,2345674,0.0,1.0
2016-06-27,95.48,95.93,93.83,94.53,94.53,1401090,0.0,1.0
2016-06-28,95.13,95.38,94.126,94.97,94.97,2087326,0.0,1.0
2016-06-29,96.19,97.18,95.49,96.91,96.91,2390827,0.0,1.0
2016-06-30,97.05,99.74,96.92,99.73,99.73,2145150,0.0,1.0
2016-07-01,99.83,99.83,98.28,98.58,98.58,1271497,0.0,1.0
2016-07-05,98.33,100.2002,98.02,99.63,99.63,1337009,0.0,1.0
2016-07-06,99.36,103.62,99.36,103.5,103.5,2160596,0.0,1.0
2016-07-07,103.5,105.28,103.1,103.75,103.75,2166412,0.0,1.0
2016-07-08,104.42,105.42,103.5,104.72,104.72,1330866,0.0,1.0
2016-07-11,104.82,105.81,104.45,104.48,104.48,1044877,0.0,1.0
2016-07-12,104.95,106.555,104.62,106.27,106.27,1912498,0.0,1.0
2016-07-13,106.82,107.37,106.12,106.49,106.49,1789413,0.0,1.0
2016-07-14,107.07,107.56,106.62,107.03,107.03,1280956,0.0,1.0
2016-07-15,107.38,107.595,104.92,105.27,105.27,1640319,0.0,1.0
2016-07-18,105.39,106.23,105.11,105.75,105.75,954996,0.0,1.0
2016-07-19,105.4,106.45,105.22,105.91,105.91,1014773,0.0,1.0
2016-07-20,106.44,107.13,105.99,106.71,106.71,1061682,0.0,1.0
2016-07-21,106.77,107.13,105.69,106.26,106.26,850420,0.0,1.0
2016-07-22,106.2,106.5,105.28,106.25,106.25,856350,0.0,1.0
2016-07-25,106.35,106.66,105.57,106.52,106.52,1260216,0.0,1.0
2016-07-26,106.51,108.38,106.04,108.35,108.35,2264301,0.0,1.0
2016-07-27,116.15,117.46,114.01,114.44,114.44,5104900,0.0,1.0
2016-07-28,114.68,115.38,112.66,112.99,112.99,1707263,0.0,1.0
2016-07-29,113.0,114.79,112.7,114.52,114.52,1385289,0.0,1.0
2016-08-01,114.54,114.89,113.76,114.23,114.23,1248623,0.0,1.0
2016-08-02,114.22,114.74,112.96,113.58,113.58,1107043,0.0,1.0
2016-08-03,113.73,114.85,113.03,113.36,113.36,901939,0.0,1.0
2016-08-04,113.65,113.99,112.59,112.98,112.98,732535,0.0,1.0
2016-08-05,113.03,113.7,112.62,113.23,113.23,882955,0.0,1.0
2016-08-08,113.37,113.5,112.0,112.4,112.4,770672,0.0,1.0
2016-08-09,112.49,114.05,112.28,113.39,113.39,924772,0.0,1.0
2016-08-10,113.21,114.23,112.53,114.03,114.03,1094909,0.0,1.0
2016-08-11,114.13,114.86,113.69,113.92,113.92,876710,0.0,1.0
2016-08-12,113.71,113.97,113.1501,113.6,113.6,422874,0.0,1.0
2016-08-15,113.87,114.96,113.8,114.19,114.19,834501,0.0,1.0
2016-08-16,114.2,114.2,112.73,112.75,112.75,572983,0.0,1.0
2016-08-17,112.92,113.025,111.69,112.71,112.71,808446,0.0,1.0
2016-08-18,112.52,116.37,112.27,114.95,114.95,2291584,0.0,1.0
2016-08-19,114.96,118.26,114.94,118.07,118.07,3792272,0.0,1.0
2016-08-22,118.59,118.92,116.17,116.99,116.99,1361085,0.0,1.0
2016-08-23,117.47,117.92,116.74,117.16,117.16,1150261,0.0,1.0
2016-08-24,117.21,117.58,114.17,114.3,114.3,1487793,0.0,1.0
2016-08-25,114.17,115.31,113.3439,114.77,114.77,1166424,0.0,1.0
2016-08-26,114.87,115.86,114.4101,115.26,115.26,978114,0.0,1.0
2016-08-29,115.19,116.86,115.17,116.1,116.1,710004,0.0,1.0
2016-08-30,116.1,116.81,115.0901,115.33,115.33,558692,0.0,1.0
2016-08-31,115.73,115.73,114.3,115.16,115.16,1091961,0.0,1.0
2016-09-01,115.5,115.985,114.5,115.87,115.87,1097907,0.0,1.0
2016-09-02,115.87,116.28,115.23,115.85,115.85,931557,0.0,1.0
2016-09-06,115.72,117.55,115.63,117.54,117.54,1129929,0.0,1.0
2016-09-07,117.05,117.46,115.833,116.47,116.47,821642,0.0,1.0
2016-09-08,115.98,117.43,115.4,117.33,117.33,1258636,0.0,1.0
2016-09-09,116.63,117.0,114.58,114.6,114.6,1477590,0.0,1.0
2016-09-12,114.81,116.44,113.905,116.22,116.22,899809,0.0,1.0
2016-09-13,115.72,116.38,113.53,114.25,114.25,1102534,0.0,1.0
2016-09-14,114.64,116.17,114.13,114.72,114.72,867953,0.0,1.0
2016-09-15,115.07,117.5301,114.855,116.97,116.97,981958,0.0,1.0
2016-09-16,117.0,117.17,116.137,116.6,116.6,1476041,0.0,1.0
2016-09-19,116.62,117.719,116.36,116.74,116.74,742770,0.0,1.0
2016-09-20,117.5,117.63,116.5,117.42,117.42,882313,0.0,1.0
2016-09-21,117.49,119.39,117.07,119.17,119.17,892161,0.0,1.0
2016-09-22,119.82,121.58,119.55,120.87,120.87,1436302,0.0,1.0
2016-09-23,120.83,120.83,119.2,119.77,119.77,977339,0.0,1.0
2016-09-26,119.25,119.62,118.62,118.94,118.94,766035,0.0,1.0
2016-09-27,119.09,121.51,118.66,121.22,121.22,1016008,0.0,1.0
2016-09-28,121.08,121.3,119.72,120.46,120.46,676085,0.0,1.0
2016-09-29,120.09,121.725,118.33,119.26,119.26,914919,0.0,1.0
2016-09-30,119.66,121.08,119.45,120.56,120.56,999053,0.0,1.0
2016-10-03,119.98,119.98,118.44,119.71,119.71,1054651,0.0,1.0
2016-10-04,120.0,120.45,118.31,119.17,119.17,832796,0.0,1.0
2016-10-05,121.0,121.43,119.32,120.01,120.01,1132260,0.0,1.0
2016-10-06,119.79,120.35,119.0,119.72,119.72,692474,0.0,1.0
2016-10-07,120.09,120.62,118.97,120.09,120.09,730882,0.0,1.0
2016-10-10,120.26,121.75,120.17,121.36,121.36,640796,0.0,1.0
2016-10-11,120.74,121.39,117.55,118.25,118.25,1406843,0.0,1.0
2016-10-12,118.39,119.08,117.97,118.16,118.16,742351,0.0,1.0
2016-10-13,117.6,119.08,117.1,118.66,118.66,1299821,0.0,1.0
2016-10-14,118.56,119.17,115.95,116.0,116.0,2013908,0.0,1.0
2016-10-17,115.88,116.3827,114.87,115.55,115.55,1875042,0.0,1.0
2016-10-18,116.54,118.5,116.294,118.22,118.22,1481062,0.0,1.0
2016-10-19,117.79,118.87,117.62,117.66,117.66,1367092,0.0,1.0
2016-10-20,117.45,119.0,117.11,117.86,117.86,1711028,0.0,1.0
2016-10-21,117.03,118.17,116.5641,117.68,117.68,1284656,0.0,1.0
2016-10-24,118.24,118.56,116.915,117.03,117.03,1762107,0.0,1.0
2016-10-25,117.01,117.01,113.5,113.68,113.68,3964078,0.0,1.0
2016-10-26,99.3,100.86,94.248,94.25,94.25,16794609,0.0,1.0
2016-10-27,95.2,95.5,91.32,92.2,92.2,4984149,0.0,1.0
2016-10-28,92.36,96.8,92.045,96.16,96.16,4748153,0.0,1.0
2016-10-31,94.46,95.49,92.91,95.22,95.22,4864236,0.0,1.0
2016-11-01,95.5,95.73,91.57,92.0,92.0,3392792,0.0,1.0
2016-11-02,92.18,92.22,88.69,88.71,88.71,3630418,0.0,1.0
2016-11-03,89.24,90.95,89.0,89.3,89.3,3463985,0.0,1.0
2016-11-04,89.26,91.34,89.17,89.63,89.63,1853771,0.0,1.0
2016-11-07,91.11,92.23,90.7,91.34,91.34,1670979,0.0,1.0
2016-11-08,91.53,92.32,91.075,91.39,91.39,1649490,0.0,1.0
2016-11-09,93.39,93.89,88.8,92.45,92.45,2431577,0.0,1.0
2016-11-10,93.42,93.86,92.16,92.85,92.85,2800955,0.0,1.0
2016-11-11,92.77,92.95,90.7,91.01,91.01,1600143,0.0,1.0
2016-11-14,90.72,91.25,86.54,86.59,86.59,4307709,0.0,1.0
2016-11-15,87.55,89.63,87.01,88.91,88.91,2252784,0.0,1.0
2016-11-16,88.85,89.72,88.18,89.13,89.13,1603053,0.0,1.0
2016-11-17,89.38,90.83,89.01,90.72,90.72,1781184,0.0,1.0
2016-11-18,90.81,90.99,88.81,89.03,89.03,1716858,0.0,1.0
2016-11-21,89.05,90.11,88.775,89.2,89.2,1453537,0.0,1.0
2016-11-22,88.0,88.0,83.42,85.04,85.04,4189474,0.0,1.0
2016-11-23,85.01,86.93,84.51,86.86,86.86,2208193,0.0,1.0
2016-11-25,86.86,86.87,85.31,85.8,85.8,2022939,0.0,1.0
2016-11-28,85.41,85.585,84.01,84.3,84.3,3099703,0.0,1.0
2016-11-29,84.56,85.45,83.77,83.9,83.9,2774468,0.0,1.0
2016-11-30,84.24,84.25,82.84,82.85,82.85,2766277,0.0,1.0
2016-12-01,82.8,83.1018,81.12,81.47,81.47,2468956,0.0,1.0
2016-12-02,81.44,84.66,81.25,83.35,83.35,2323445,0.0,1.0
2016-12-05,83.78,83.938,82.41,82.49,82.49,1975862,0.0,1.0
2016-12-06,83.15,83.92,81.85,83.22,83.22,2883233,0.0,1.0
2016-12-07,82.99,83.75,81.9,83.73,83.73,2547629,0.0,1.0
2016-12-08,85.55,91.34,85.27,89.3,89.3,6108907,0.0,1.0
2016-12-09,89.53,92.98,89.3,90.37,90.37,4172582,0.0,1.0
2016-12-12,90.05,91.4099,88.54,88.93,88.93,2720628,0.0,1.0
2016-12-13,88.43,91.1,87.56,89.37,89.37,2912185,0.0,1.0
2016-12-14,89.75,92.285,89.33,89.82,89.82,2353381,0.0,1.0
2016-12-15,89.76,90.83,89.24,90.48,90.48,2224066,0.0,1.0
2016-12-16,91.26,92.25,90.8044,91.39,91.39,3491988,0.0,1.0
2016-12-19,91.31,92.22,91.265,91.48,91.48,2224426,0.0,1.0
2016-12-20,91.53,92.26,90.42,90.87,90.87,1629351,0.0,1.0
2016-12-21,90.59,92.04,90.4401,91.43,91.43,1606752,0.0,1.0
2016-12-22,91.37,92.4,91.05,91.8,91.8,1622797,0.0,1.0
2016-12-23,91.72,93.346,91.52,93.0,93.0,1260123,0.0,1.0
2016-12-27,93.17,94.5,93.14,93.35,93.35,1352744,0.0,1.0
2016-12-28,93.2,93.83,92.17,92.71,92.71,1614937,0.0,1.0
2016-12-29,92.71,94.11,92.67,93.71,93.71,1330301,0.0,1.0
2016-12-30,93.89,94.58,93.35,93.7,93.7,1431012,0.0,1.0
2017-01-03,93.8,95.52,93.06,95.52,95.52,2166909,0.0,1.0
2017-01-04,95.52,97.29,94.8814,96.54,96.54,2053918,0.0,1.0
2017-01-05,96.91,97.91,96.61,97.19,97.19,1534469,0.0,1.0
2017-01-06,97.4,97.88,96.43,97.07,97.07,2974518,0.0,1.0
2017-01-09,97.57,98.63,97.33,97.95,97.95,1687808,0.0,1.0
2017-01-10,97.96,99.7,97.95,99.14,99.14,1910406,0.0,1.0
2017-01-11,99.26,99.35,97.0437,98.65,98.65,1493740,0.0,1.0
2017-01-12,97.69,97.9,96.5,97.59,97.59,1411501,0.0,1.0
2017-01-13,97.96,97.96,96.16,97.13,97.13,1806836,0.0,1.0
2017-01-17,96.49,97.4,96.01,96.88,96.88,1648208,0.0,1.0
2017-01-18,97.2,97.4,95.69,95.79,95.79,1451029,0.0,1.0
2017-01-19,95.92,96.72,94.85,96.29,96.29,2058874,0.0,1.0
2017-01-20,96.03,96.93,95.02,95.51,95.51,1159416,0.0,1.0
2017-01-23,95.5,95.595,94.27,95.0,95.0,1142974,0.0,1.0
2017-01-24,95.3,95.44,93.79,94.4,94.4,1633096,0.0,1.0
2017-01-25,94.76,96.39,94.665,96.05,96.05,1687663,0.0,1.0
2017-01-26,96.2,96.89,94.97,95.13,95.13,1627961,0.0,1.0
2017-01-27,95.67,97.34,95.53,97.3,97.3,1604615,0.0,1.0
2017-01-30,97.07,97.225,95.485,96.47,96.47,1188767,0.0,1.0
2017-01-31,96.39,96.9,95.25,96.24,96.24,3709156,0.0,1.0
2017-02-01,96.51,98.38,96.11,98.02,98.02,3190199,0.0,1.0
2017-02-02,92.16,92.19,86.55,89.73,89.73,88937,0.0,1.0
2017-02-03,90.42,91.4,89.51,90.47,90.47,4595464,0.0,1.0
2017-02-06,90.58,90.69,88.67,89.87,89.87,3400748,0.0,1.0
2017-02-07,90.16,90.99,89.87,90.71,90.71,2469961,0.0,1.0
2017-02-08,90.45,91.1,90.31,90.83,90.83,1783704,0.0,1.0
2017-02-09,90.83,91.19,90.14,90.82,90.82,1336622,0.0,1.0
2017-02-10,90.73,90.79,89.89,90.34,90.34,2225950,0.0,1.0
2017-02-13,90.11,90.5,89.52,89.96,89.96,2138243,0.0,1.0
2017-02-14,89.79,90.28,89.23,89.49,89.49,1760635,0.0,1.0
2017-02-15,89.43,90.65,89.3,90.31,90.31,1668911,0.0,1.0
2017-02-16,90.35,90.58,89.22,89.93,89.93,1724441,0.0,1.0
2017-02-17,89.87,90.1,89.25,89.74,89.74,2437616,0.0,1.0
2017-02-21,93.49,94.29,92.24,92.67,92.67,3732155,0.0,1.0
2017-02-22,92.39,92.66,91.9,92.21,92.21,2164503,0.0,1.0
2017-02-23,100.26,100.48,94.45,95.7,95.7,6230955,0.0,1.0
2017-02-24,94.68,95.02,94.12,94.76,94.76,1762068,0.0,1.0
2017-02-27,94.68,95.29,93.78,94.66,94.66,1450661,0.0,1.0
2017-02-28,94.52,94.59,93.62,94.04,94.04,1775655,0.0,1.0
2017-03-01,94.55,94.93,91.8,93.94,93.94,3902409,0.0,1.0
2017-03-02,93.65,94.19,92.31,93.36,93.36,2725680,0.0,1.0
2017-03-03,92.5,93.36,91.89,92.44,92.44,1978161,0.0,1.0
2017-03-06,91.71,92.1,89.23,89.95,89.95,4505537,0.0,1.0
2017-03-07,89.65,91.02,89.65,90.54,90.54,2818083,0.0,1.0
2017-03-08,90.44,91.49,89.46,89.53,89.53,2906205,0.0,1.0
2017-03-09,89.42,93.36,89.2,93.06,93.06,3832111,0.0,1.0
2017-03-10,93.21,93.51,91.96,92.74,92.74,2910953,0.0,1.0
2017-03-13,92.74,93.95,92.43,93.6,93.6,1571447,0.0,1.0
2017-03-14,93.2,94.55,93.09,93.86,93.86,1609321,0.0,1.0
2017-03-15,93.93,94.48,93.63,93.95,93.95,1941794,0.0,1.0
2017-03-16,93.95,94.36,92.64,92.95,92.95,1277318,0.0,1.0
2017-03-17,92.75,95.79,91.3,94.4,94.4,3006455,0.0,1.0
2017-03-20,94.24,94.44,93.71,94.08,94.08,1460632,0.0,1.0
2017-03-21,94.15,94.93,92.66,92.86,92.86,1676910,0.0,1.0
2017-03-22,92.91,93.57,92.35,93.47,93.47,1372848,0.0,1.0
2017-03-23,93.47,95.32,93.22,94.3,94.3,1666855,0.0,1.0
2017-03-24,94.29,96.03,94.26,95.59,95.59,1943081,0.0,1.0
2017-03-27,95.47,96.35,94.47,95.87,95.87,1870673,0.0,1.0
2017-03-28,95.61,96.49,93.57,94.39,94.39,2317131,0.0,1.0
2017-03-29,94.19,94.89,93.81,94.39,94.39,1318378,0.0,1.0
2017-03-30,94.47,94.67,93.62,93.86,93.86,979229,0.0,1.0
2017-03-31,93.74,94.55,93.22,94.07,94.07,1203886,0.0,1.0
2017-04-03,93.98,94.64,93.57,94.45,94.45,1383969,0.0,1.0
2017-04-04,94.15,94.45,92.94,93.1,93.1,1169920,0.0,1.0
2017-04-05,93.27,94.91,93.0,93.09,93.09,1827980,0.0,1.0
2017-04-06,92.94,93.43,92.44,93.4,93.4,876914,0.0,1.0
2017-04-07,93.56,95.11,93.34,94.46,94.46,1233191,0.0,1.0
2017-04-10,94.3,95.19,93.9,94.42,94.42,1340180,0.0,1.0
2017-04-11,93.98,94.39,93.34,93.6,93.6,1303130,0.0,1.0
2017-04-12,93.75,94.11,93.13,93.75,93.75,978961,0.0,1.0
2017-04-13,93.4,94.74,92.9,94.3,94.3,1195625,0.0,1.0
2017-04-17,94.5,96.21,94.15,95.68,95.68,1567295,0.0,1.0
2017-04-18,95.13,95.24,93.67,94.76,94.76,1299282,0.0,1.0
2017-04-19,95.64,97.1,95.37,96.69,96.69,1639583,0.0,1.0
2017-04-20,96.74,98.98,96.68,98.51,98.51,1964171,0.0,1.0
2017-04-21,98.55,98.83,97.73,97.77,97.77,2367041,0.0,1.0
2017-04-24,98.86,99.43,97.63,97.96,97.96,2004360,0.0,1.0
2017-04-25,97.91,99.0,97.7,98.92,98.92,2424642,0.0,1.0
2017-04-26,109.12,113.04,106.74,109.3,109.3,76687,0.0,1.0
2017-04-27,108.86,111.41,107.74,109.67,109.67,2816414,0.0,1.0
2017-04-28,109.5,110.86,108.78,109.67,109.67,1684961,0.0,1.0
2017-05-01,109.91,110.61,109.69,109.9,109.9,1619272,0.0,1.0
2017-05-02,109.92,110.4,109.61,110.11,110.11,1415600,0.0,1.0
2017-05-03,110.15,110.29,109.17,109.86,109.86,950538,0.0,1.0
2017-05-04,110.05,110.99,109.58,110.45,110.45,963548,0.0,1.0
2017-05-05,110.6,110.85,109.91,110.58,110.58,839910,0.0,1.0
2017-05-08,110.79,110.85,109.57,109.98,109.98,1282344,0.0,1.0
2017-05-09,109.85,110.42,109.75,109.99,109.99,963709,0.0,1.0
2017-05-10,109.73,110.7,108.8,110.61,110.61,1063064,0.0,1.0
2017-05-11,109.82,110.61,109.5,110.25,110.25,773161,0.0,1.0
2017-05-12,110.09,111.0,109.73,110.59,110.59,1018092,0.0,1.0
2017-05-15,110.4,113.52,110.17,113.43,113.43,1616726,0.0,1.0
2017-05-16,114.74,115.94,112.74,113.65,113.65,3179657,0.0,1.0
2017-05-17,113.65,114.4,111.84,111.84,111.84,1661678,0.0,1.0
2017-05-18,111.5,112.51,111.01,111.95,111.95,1595479,0.0,1.0
2017-05-19,112.51,113.54,112.02,112.89,112.89,1078800,0.0,1.0
2017-05-22,112.99,114.8,112.53,114.09,114.09,1348626,0.0,1.0
2017-05-23,114.0,114.23,112.99,113.54,113.54,999106,0.0,1.0
2017-05-24,113.77,114.3,113.05,114.19,114.19,887139,0.0,1.0
2017-05-25,114.51,114.82,113.6,114.17,114.17,821224,0.0,1.0
2017-05-26,114.5,115.46,113.99,114.25,114.25,887667,0.0,1.0
2017-05-30,114.15,115.09,113.63,114.6,114.6,1115172,0.0,1.0
2017-05-31,115.13,116.59,114.42,115.07,115.07,1133195,0.0,1.0
2017-06-01,115.54,117.39,115.16,117.38,117.38,1265297,0.0,1.0
2017-06-02,117.68,118.19,116.75,117.56,117.56,786197,0.0,1.0
2017-06-05,117.32,117.49,116.21,116.95,116.95,805422,0.0,1.0
2017-06-06,116.5,117.33,116.43,116.84,116.84,736645,0.0,1.0
2017-06-07,117.5,118.68,117.13,118.19,118.19,930128,0.0,1.0
2017-06-08,118.19,118.8,117.47,118.13,118.13,1088510,0.0,1.0
2017-06-09,118.3,118.75,115.17,116.12,116.12,1068914,0.0,1.0
2017-06-12,115.95,116.02,111.78,114.39,114.39,1717234,0.0,1.0
2017-06-13,114.6,115.71,113.93,115.05,115.05,1220175,0.0,1.0
2017-06-14,115.54,115.68,114.11,115.01,115.01,1004024,0.0,1.0
2017-06-15,114.36,115.28,113.59,114.95,114.95,848217,0.0,1.0
2017-06-16,115.03,115.65,114.01,114.99,114.99,1544047,0.0,1.0
2017-06-19,115.58,119.12,115.2,118.84,118.84,1570196,0.0,1.0
2017-06-20,118.82,120.44,117.54,117.87,117.87,1394684,0.0,1.0
2017-06-21,117.65,119.33,117.29,118.89,118.89,976511,0.0,1.0
2017-06-22,118.7,119.45,118.33,118.53,118.53,826013,0.0,1.0
2017-06-23,118.21,120.24,117.23,120.15,120.15,1754647,0.0,1.0
2017-06-26,120.16,120.74,118.19,118.32,118.32,752488,0.0,1.0
2017-06-27,118.17,118.51,116.98,117.13,117.13,738710,0.0,1.0
2017-06-28,117.85,118.77,117.12,118.39,118.39,594694,0.0,1.0
2017-06-29,118.11,118.33,116.01,117.23,117.23,799765,0.0,1.0
2017-06-30,117.96,118.88,117.22,118.24,118.24,1089437,0.0,1.0
2017-07-03,118.6,119.19,117.43,118.01,118.01,739598,0.0,1.0
2017-07-05,117.87,119.95,117.44,119.58,119.58,1040279,0.0,1.0
2017-07-06,118.71,119.44,116.84,117.08,117.08,1447802,0.0,1.0
2017-07-07,117.8,118.7,117.8,118.17,118.17,728368,0.0,1.0
2017-07-10,117.98,118.61,117.33,117.53,117.53,944922,0.0,1.0
2017-07-11,117.44,118.01,116.79,117.59,117.59,966693,0.0,1.0
2017-07-12,117.68,118.88,117.16,118.44,118.44,950164,0.0,1.0
2017-07-13,118.05,118.1,115.87,116.03,116.03,1127251,0.0,1.0
2017-07-14,116.22,117.35,115.82,116.92,116.92,833269,0.0,1.0
2017-07-17,117.55,118.0,116.0,116.1,116.1,1015739,0.0,1.0
2017-07-18,115.88,116.76,115.58,116.49,116.49,916488,0.0,1.0
2017-07-19,117.0,119.48,116.91,119.04,119.04,1555973,0.0,1.0
2017-07-20,119.17,120.0,118.84,119.42,119.42,1580893,0.0,1.0
2017-07-21,119.01,120.36,117.7,118.01,118.01,1013505,0.0,1.0
2017-07-24,117.87,118.36,116.52,117.14,117.14,1337376,0.0,1.0
2017-07-25,117.64,117.64,115.0,115.87,115.87,1504321,0.0,1.0
2017-07-26,115.99,116.65,114.81,115.61,115.61,2108252,0.0,1.0
2017-07-27,119.51,121.45,116.12,116.36,116.36,3529765,0.0,1.0
2017-07-28,115.95,116.19,113.36,115.51,115.51,2178633,0.0,1.0
2017-07-31,115.78,115.87,114.08,115.18,115.18,1448012,0.0,1.0
2017-08-01,115.87,116.22,115.11,115.27,115.27,1285158,0.0,1.0
2017-08-02,115.26,115.48,112.87,114.24,114.24,1249533,0.0,1.0
2017-08-03,114.25,116.8,113.76,116.45,116.45,1469552,0.0,1.0
2017-08-04,116.82,117.0,115.5,116.19,116.19,962846,0.0,1.0
2017-08-07,116.2,116.74,115.88,116.48,116.48,723224,0.0,1.0
2017-08-08,116.48,117.29,115.8,116.16,116.16,976924,0.0,1.0
2017-08-09,115.75,116.5,115.23,116.26,116.26,980368,0.0,1.0
2017-08-10,115.74,115.92,113.57,114.13,114.13,980248,0.0,1.0
2017-08-11,113.95,115.66,113.54,114.5,114.5,673804,0.0,1.0
2017-08-14,115.04,115.94,114.96,115.64,115.64,1294493,0.0,1.0
2017-08-15,115.78,115.78,114.69,114.83,114.83,895739,0.0,1.0
2017-08-16,115.22,115.93,115.0,115.57,115.57,939129,0.0,1.0
2017-08-17,115.49,115.79,113.36,113.57,113.57,964007,0.0,1.0
2017-08-18,113.37,113.61,112.34,113.11,113.11,1111783,0.0,1.0
2017-08-21,113.15,114.99,112.55,114.22,114.22,1051692,0.0,1.0
2017-08-22,114.05,115.09,113.8,114.22,114.22,1432088,0.0,1.0
2017-08-23,114.0,114.0,112.47,112.71,112.71,2069574,0.0,1.0
2017-08-24,112.77,113.46,112.07,112.75,112.75,1265459,0.0,1.0
2017-08-25,112.95,113.4,111.72,111.76,111.76,1206371,0.0,1.0
2017-08-28,112.56,113.45,112.47,113.11,113.11,1046707,0.0,1.0
2017-08-29,112.32,113.25,111.74,111.83,111.83,1365951,0.0,1.0
2017-08-30,112.02,112.99,111.53,112.69,112.69,929168,0.0,1.0
2017-08-31,112.82,113.79,112.44,113.66,113.66,1055722,0.0,1.0
2017-09-01,113.79,114.1,112.79,113.31,113.31,949994,0.0,1.0
2017-09-05,112.52,113.53,111.16,111.87,111.87,1805201,0.0,1.0
2017-09-06,112.03,112.49,110.25,112.23,112.23,2132737,0.0,1.0
2017-09-07,112.46,112.9,112.0,112.34,112.34,1246733,0.0,1.0
2017-09-08,112.3,114.79,112.01,113.19,113.19,1611746,0.0,1.0
2017-09-11,113.51,115.42,113.27,115.13,115.13,1095580,0.0,1.0
2017-09-12,115.17,115.61,114.1,114.69,114.69,966601,0.0,1.0
2017-09-13,114.48,114.61,111.72,111.78,111.78,1203767,0.0,1.0
2017-09-14,111.54,111.63,110.71,111.5,111.5,1325211,0.0,1.0
2017-09-15,111.66,113.97,111.66,113.5,113.5,1929253,0.0,1.0
2017-09-18,113.55,113.74,112.26,112.69,112.69,984025,0.0,1.0
2017-09-19,112.74,112.93,110.9,111.28,111.28,972298,0.0,1.0
2017-09-20,111.65,111.99,110.97,111.72,111.72,1085597,0.0,1.0
2017-09-21,111.66,111.7,109.52,110.33,110.33,1353555,0.0,1.0
2017-09-22,110.48,110.84,109.2,110.64,110.64,968425,0.0,1.0
2017-09-25,110.63,110.76,109.64,110.46,110.46,853659,0.0,1.0
2017-09-26,110.47,111.7,110.41,110.59,110.59,832241,0.0,1.0
2017-09-27,110.39,110.39,107.35,109.37,109.37,2271781,0.0,1.0
2017-09-28,109.0,110.11,108.6,108.87,108.87,1057844,0.0,1.0
2017-09-29,108.72,109.37,108.02,109.31,109.31,1603685,0.0,1.0
2017-10-02,109.38,110.2,108.77,109.99,109.99,1665816,0.0,1.0
2017-10-03,110.15,110.19,108.13,108.23,108.23,1184746,0.0,1.0
2017-10-04,108.8,110.6,108.57,110.22,110.22,1122559,0.0,1.0
2017-10-05,110.25,112.18,110.25,111.63,111.63,1349061,0.0,1.0
2017-10-06,111.71,112.33,110.89,111.46,111.46,1238647,0.0,1.0
2017-10-09,111.01,111.2,110.04,110.22,110.22,854389,0.0,1.0
2017-10-10,110.22,110.83,109.81,109.95,109.95,1317591,0.0,1.0
2017-10-11,109.75,110.65,109.75,110.47,110.47,970773,0.0,1.0
2017-10-12,110.07,110.62,109.85,110.2,110.2,720533,0.0,1.0
2017-10-13,109.75,109.95,108.11,108.25,108.25,1446260,0.0,1.0
2017-10-16,108.58,109.17,108.13,108.52,108.52,790110,0.0,1.0
2017-10-17,108.41,110.32,108.23,110.05,110.05,948907,0.0,1.0
2017-10-18,110.3,111.43,110.06,111.2,111.2,865664,0.0,1.0
2017-10-19,111.46,112.21,110.84,112.03,112.03,1544850,0.0,1.0
2017-10-20,112.42,113.45,112.08,113.08,113.08,1127342,0.0,1.0
2017-10-23,113.55,114.94,113.0,114.11,114.11,2003232,0.0,1.0
2017-10-24,114.13,114.6,113.58,114.25,114.25,2229958,0.0,1.0
2017-10-25,104.9,106.3,101.09,103.33,103.33,9080291,0.0,1.0
2017-10-26,103.5,105.29,102.37,103.37,103.37,3286709,0.0,1.0
2017-10-27,103.78,104.19,101.33,101.92,101.92,1943685,0.0,1.0
2017-10-30,101.8,102.3,100.2,101.63,101.63,1942691,0.0,1.0
2017-10-31,101.78,103.55,101.68,102.23,102.23,1522802,0.0,1.0
2017-11-01,102.37,103.53,101.69,101.82,101.82,1797005,0.0,1.0
2017-11-02,102.12,102.3,101.13,101.38,101.38,933305,0.0,1.0
2017-11-03,101.39,103.12,100.85,102.72,102.72,1088319,0.0,1.0
2017-11-06,102.4,103.46,102.0,103.16,103.16,882204,0.0,1.0
2017-11-07,103.58,104.45,103.02,104.41,104.41,990687,0.0,1.0
2017-11-08,104.5,105.41,103.92,105.24,105.24,2170941,0.0,1.0
2017-11-09,105.33,105.42,103.79,104.78,104.78,1176249,0.0,1.0
2017-11-10,104.3,104.31,103.34,103.85,103.85,1720249,0.0,1.0
2017-11-13,103.73,105.71,103.2,105.24,105.24,1101640,0.0,1.0
2017-11-14,105.16,105.37,104.12,105.15,105.15,994873,0.0,1.0
2017-11-15,104.41,105.45,104.15,104.98,104.98,915005,0.0,1.0
2017-11-16,105.72,107.86,105.22,107.1,107.1,933720,0.0,1.0
2017-11-17,106.6,107.76,106.07,107.09,107.09,1071667,0.0,1.0
2017-11-20,107.32,107.52,106.53,107.16,107.16,1136003,0.0,1.0
2017-11-21,107.86,109.8,107.49,109.52,109.52,1747936,0.0,1.0
2017-11-22,109.26,109.61,108.26,108.81,108.81,835951,0.0,1.0
2017-11-24,108.86,109.35,108.12,109.34,109.34,389570,0.0,1.0
2017-11-27,109.36,110.1,108.89,109.86,109.86,1091496,0.0,1.0
2017-11-28,110.06,113.31,109.4,113.21,113.21,2593728,0.0,1.0
2017-11-29,113.85,117.835,113.65,116.37,116.37,3142549,0.0,1.0
2017-11-30,116.53,119.04,116.39,117.2,117.2,2192288,0.0,1.0
2017-12-01,117.25,118.2,114.28,116.41,116.41,1993419,0.0,1.0
2017-12-04,117.06,118.0,113.79,113.8,113.8,2425088,0.0,1.0
2017-12-05,113.47,114.49,112.41,113.05,113.05,1774212,0.0,1.0
2017-12-06,113.0,113.8,112.29,113.36,113.36,1519830,0.0,1.0
2017-12-07,115.0,118.57,114.99,117.45,117.45,2258639,0.0,1.0
2017-12-08,117.5,118.29,116.9396,118.03,118.03,1398723,0.0,1.0
2017-12-11,118.3,118.98,117.71,118.18,118.18,1259142,0.0,1.0
2017-12-12,118.02,118.11,115.16,115.57,115.57,2026589,0.0,1.0
2017-12-13,116.03,116.54,115.31,115.4,115.4,1412760,0.0,1.0
2017-12-14,115.4,116.075,113.85,114.31,114.31,1948598,0.0,1.0
2017-12-15,114.9,115.21,113.78,114.22,114.22,2464707,0.0,1.0
2017-12-18,115.1,115.6,114.05,114.92,114.92,1393797,0.0,1.0
2017-12-19,115.465,115.575,114.29,114.32,114.32,948988,0.0,1.0
2017-12-20,114.48,115.0424,114.08,114.15,114.15,962253,0.0,1.0
2017-12-21,114.76,115.03,112.802,113.3,113.3,1272147,0.0,1.0
2017-12-22,113.34,113.76,112.06,112.49,112.49,916507,0.0,1.0
2017-12-26,112.33,113.08,111.79,112.16,112.16,759117,0.0,1.0
2017-12-27,112.47,113.34,111.86,113.16,113.16,593861,0.0,1.0
2017-12-28,113.22,114.67,113.0,114.55,114.55,1005344,0.0,1.0
2017-12-29,115.19,115.19,112.7,112.71,112.71,874930,0.0,1.0
2018-01-02,111.68,112.28,110.68,111.58,111.58,1760438,0.0,1.0
2018-01-03,112.19,114.795,111.345,114.59,114.59,1272218,0.0,1.0
2018-01-04,116.01,116.78,113.72,115.41,115.41,1506655,0.0,1.0
2018-01-05,115.15,116.2,114.82,115.86,115.86,777031,0.0,1.0
2018-01-08,116.07,118.68,115.2296,118.14,118.14,1246746,0.0,1.0
2018-01-09,118.27,120.0,118.03,119.51,119.51,1514637,0.0,1.0
2018-01-10,118.96,118.96,117.28,118.5,118.5,749695,0.0,1.0
2018-01-11,118.56,120.0,117.3701,119.99,119.99,1053920,0.0,1.0
2018-01-12,120.0,120.99,119.1,120.83,120.83,1029767,0.0,1.0
2018-01-16,121.36,122.93,120.01,120.07,120.07,1667973,0.0,1.0
2018-01-17,120.83,121.18,119.95,120.49,120.49,1175963,0.0,1.0
2018-01-18,120.17,121.77,119.93,121.72,121.72,661528,0.0,1.0
2018-01-19,122.05,124.1,121.86,123.91,123.91,1252563,0.0,1.0
2018-01-22,123.75,124.57,123.19,124.51,124.51,1055514,0.0,1.0
2018-01-23,123.91,125.5,123.39,124.4,124.4,927849,0.0,1.0
2018-01-24,124.89,125.71,123.95,124.79,124.79,757194,0.0,1.0
2018-01-25,125.68,127.03,125.38,126.24,126.24,1178178,0.0,1.0
2018-01-26,126.74,128.19,125.89,128.16,128.16,784790,0.0,1.0
2018-01-29,127.74,128.61,126.72,126.9,126.9,920840,0.0,1.0
2018-01-30,125.4,127.44,124.3101,126.74,126.74,941596,0.0,1.0
2018-01-31,127.23,128.19,126.27,126.58,126.58,1139993,0.0,1.0
2018-02-01,126.49,127.98,125.87,126.98,126.98,1606666,0.0,1.0
2018-02-02,133.76,138.48,131.45,131.83,131.83,3305881,0.0,1.0
2018-02-05,130.84,132.94,126.01,126.7,126.7,2570907,0.0,1.0
2018-02-06,125.06,127.62,123.37,127.08,127.08,2464717,0.0,1.0
2018-02-07,126.75,131.78,126.05,129.7,129.7,1953586,0.0,1.0
2018-02-08,129.97,130.33,123.7,123.78,123.78,1846933,0.0,1.0
2018-02-09,124.58,127.47,121.4,126.27,126.27,1447347,0.0,1.0
2018-02-12,126.85,128.21,124.87,126.89,126.89,1158046,0.0,1.0
2018-02-13,126.2,128.16,125.12,127.35,127.35,1015654,0.0,1.0
2018-02-14,126.33,130.63,125.97,130.21,130.21,1573619,0.0,1.0
2018-02-15,131.16,134.7,130.53,134.68,134.68,1456619,0.0,1.0
2018-02-16,134.27,135.33,133.38,133.82,133.82,894700,0.0,1.0
2018-02-20,133.81,135.93,133.0,134.32,134.32,1296838,0.0,1.0
2018-02-21,134.39,136.9,134.22,134.25,134.25,932608,0.0,1.0
2018-02-22,134.26,136.02,133.34,133.67,133.67,1146496,0.0,1.0
2018-02-23,134.11,135.69,133.01,135.64,135.64,864002,0.0,1.0
2018-02-26,136.0,137.53,134.95,136.72,136.72,849825,0.0,1.0
2018-02-27,136.93,137.8358,135.23,135.23,135.23,852777,0.0,1.0
2018-02-28,135.49,136.52,133.62,133.67,133.67,1184288,0.0,1.0
2018-03-01,133.64,134.69,130.89,132.91,132.91,1688607,0.0,1.0
2018-03-02,132.07,135.0,131.67,134.56,134.56,1105419,0.0,1.0
